up__ID,processor_ID
3b23bb4b-4ac7-4a24-ac02-aa10cabd842c,P1001
3b23bb4b-4ac7-4a24-ac02-aa10cabd842c,P1002
3a4ede72-244a-4f5f-8efa-b17e032d01ee,P1002
3a4ede72-244a-4f5f-8efa-b17e032d01ee,P1003
3ccf474c-3881-44b7-99fb-59a2a4668418,P1003
3ccf474c-3881-44b7-99fb-59a2a4668418,P1004
3583f982-d7df-4aad-ab26-301d4a157cd7,P1001
3583f982-d7df-4aad-ab26-301d4a157cd7,P1004
8083c065-e6d1-49ff-84a5-5dc2dab42831,P1002
8083c065-e6d1-49ff-84a5-5dc2dab42831,P1001
8083c065-e6d1-49ff-84a5-5dc2dab42831,P1003
34a3dc5c-3043-495e-88fe-dfcdf369aaa4,P1003
34a3dc5c-3043-495e-88fe-dfcdf369aaa4,P1004
ffbfffbd-e0ab-4e27-a505-4252e209cb15,P1003
ffbfffbd-e0ab-4e27-a505-4252e209cb15,P1002
ffbfffbd-e0ab-4e27-a505-4252e209cb15,P1001
db28f111-ba28-441b-b153-0b13b3248887,P1002
db28f111-ba28-441b-b153-0b13b3248887,P1001
723f4011-53ae-43c6-b250-ed699d452e4b,P1001
9bc37d20-c160-4cce-aa87-fcdf68fd5a0d,P1004
9bc37d20-c160-4cce-aa87-fcdf68fd5a0d,P1001
9bc37d20-c160-4cce-aa87-fcdf68fd5a0d,P1003
75d51329-d902-4d0b-aca1-c4c14ef28f77,P1001
75d51329-d902-4d0b-aca1-c4c14ef28f77,P1003
46aadbca-7153-42ec-93de-b6c8a1540e84,P1001
46aadbca-7153-42ec-93de-b6c8a1540e84,P1002
46aadbca-7153-42ec-93de-b6c8a1540e84,P1004
619a76dc-be12-4977-9213-0af877fa0023,P1004
619a76dc-be12-4977-9213-0af877fa0023,P1003
78200bd0-3914-4743-8232-8d1fec44a1f5,P1004
78200bd0-3914-4743-8232-8d1fec44a1f5,P1003
3dc3ddc1-39d8-4bea-ad8c-ba86f381bd90,P1004
3dc3ddc1-39d8-4bea-ad8c-ba86f381bd90,P1001
1abe434f-4904-4e42-9461-a6b4e32932ed,P1003
1abe434f-4904-4e42-9461-a6b4e32932ed,P1004
13ec01ca-87ed-4e41-93c0-7b35066bea1f,P1001
13ec01ca-87ed-4e41-93c0-7b35066bea1f,P1004
13ec01ca-87ed-4e41-93c0-7b35066bea1f,P1002
1742e542-92d7-42eb-9da7-08404e754c49,P1003
45cdc229-1965-48a1-96c8-f8e479169d8b,P1003
22c6ab37-929e-4281-99de-aeb763bc7400,P1002
22c6ab37-929e-4281-99de-aeb763bc7400,P1004
bbcf44e2-7494-4486-9437-941e0c9d2432,P1004
bbcf44e2-7494-4486-9437-941e0c9d2432,P1002
69fbef6e-4dfe-4c5f-b929-5d29a32387d6,P1001
8946b9dd-8acc-4ee3-bbf2-cffaa9507d64,P1003
8946b9dd-8acc-4ee3-bbf2-cffaa9507d64,P1001
8946b9dd-8acc-4ee3-bbf2-cffaa9507d64,P1002
e8a2f6ff-548d-4bc8-871c-a1a0ade55767,P1001
e8a2f6ff-548d-4bc8-871c-a1a0ade55767,P1004
ae34a343-71f3-41f4-8f72-57918378f0c2,P1001
a82f5d56-0db7-4f5d-9720-1011ccf68b92,P1002
a82f5d56-0db7-4f5d-9720-1011ccf68b92,P1003
a82f5d56-0db7-4f5d-9720-1011ccf68b92,P1004
44bd424d-de70-4922-8283-e0d6f130c2ec,P1003
850dfa70-8648-40c8-906d-adde8d964a14,P1002
0deadcd2-43ce-40e6-bcce-7e857b53c6bb,P1001
0deadcd2-43ce-40e6-bcce-7e857b53c6bb,P1003
7d221649-512f-4778-8c59-c0bf8821b2a5,P1003
7d221649-512f-4778-8c59-c0bf8821b2a5,P1004
7d221649-512f-4778-8c59-c0bf8821b2a5,P1001
55efd455-0800-4ab1-8f4b-65c136f0b815,P1003
55efd455-0800-4ab1-8f4b-65c136f0b815,P1002
0244aa76-4fab-444c-aa28-1f6b3ca1021a,P1004
a82d39ee-572e-413a-853a-e8105f96e846,P1001
4bc2d14c-f472-4182-9fa3-745303e46725,P1002
4bc2d14c-f472-4182-9fa3-745303e46725,P1003
4bc2d14c-f472-4182-9fa3-745303e46725,P1004
048acf12-be7e-4101-b735-4c742b1e94ab,P1002
22c04fc0-39cb-4e11-af42-84daffe8dba9,P1001
22c04fc0-39cb-4e11-af42-84daffe8dba9,P1002
22c04fc0-39cb-4e11-af42-84daffe8dba9,P1004
13054c36-ee88-4f33-8775-b9f392b3861e,P1002
13054c36-ee88-4f33-8775-b9f392b3861e,P1004
13054c36-ee88-4f33-8775-b9f392b3861e,P1001
1c52d484-3071-45f8-b2cf-82b612671526,P1002
1c52d484-3071-45f8-b2cf-82b612671526,P1004
c4016ec3-7396-4e77-b69e-c840f3df7c3e,P1003
c4016ec3-7396-4e77-b69e-c840f3df7c3e,P1001
c4016ec3-7396-4e77-b69e-c840f3df7c3e,P1002
f88c47ba-b0d2-4896-b61b-e5626609897e,P1001
10500512-a82b-41b4-8d6d-328ea794a3e7,P1004
10500512-a82b-41b4-8d6d-328ea794a3e7,P1001
10500512-a82b-41b4-8d6d-328ea794a3e7,P1002
2c25f8bb-1f92-479f-bc62-b25f9cd6d6ab,P1003
2c25f8bb-1f92-479f-bc62-b25f9cd6d6ab,P1004
17adff4d-5e48-4ae1-84c9-f89cb1de1fce,P1001
f60c5cb3-3a8b-4501-8c80-ce021f34995a,P1002
f60c5cb3-3a8b-4501-8c80-ce021f34995a,P1001
f60c5cb3-3a8b-4501-8c80-ce021f34995a,P1003
c64779cd-4cd2-4f5d-9b93-8cab4b2c81d3,P1003
c64779cd-4cd2-4f5d-9b93-8cab4b2c81d3,P1001
c64779cd-4cd2-4f5d-9b93-8cab4b2c81d3,P1004
d656c2cf-5e6d-4948-b096-93240c35ce5c,P1004
d656c2cf-5e6d-4948-b096-93240c35ce5c,P1003
d656c2cf-5e6d-4948-b096-93240c35ce5c,P1001
1e2a8e3d-1109-4ba8-8ef9-6d069a7ca25b,P1001
e29499b2-214a-45c8-9337-6a315d97fe29,P1001
e29499b2-214a-45c8-9337-6a315d97fe29,P1004
e29499b2-214a-45c8-9337-6a315d97fe29,P1002
d23483e7-f22c-4a11-b8fe-b802109a7528,P1002
8f2bcd52-32e2-4c4b-9244-c43f0444bb88,P1001
f69ab65e-16fa-4818-8f06-9782962abea3,P1003
f69ab65e-16fa-4818-8f06-9782962abea3,P1004
f69ab65e-16fa-4818-8f06-9782962abea3,P1002
7f675b00-60f2-40e7-9c1b-0e4c5ac5e3ab,P1004
7f675b00-60f2-40e7-9c1b-0e4c5ac5e3ab,P1001
d021c29c-a4d8-4f81-bd8f-f8bda919647e,P1001
d021c29c-a4d8-4f81-bd8f-f8bda919647e,P1004
d021c29c-a4d8-4f81-bd8f-f8bda919647e,P1002
2b192e99-3ef8-401b-9175-8a5efaa45d04,P1004
2b192e99-3ef8-401b-9175-8a5efaa45d04,P1002
db349d5f-789c-473d-acb0-82b33f98ebed,P1002
db349d5f-789c-473d-acb0-82b33f98ebed,P1001
26c8cd2c-5f9f-4c07-9c24-ff75f9c6b7a8,P1004
f638096d-afb4-4c66-ab5d-d1ee5dce59d8,P1002
f638096d-afb4-4c66-ab5d-d1ee5dce59d8,P1003
f638096d-afb4-4c66-ab5d-d1ee5dce59d8,P1004
0f5802c9-ceeb-4fe5-9df8-16a0cc1dc2f3,P1002
0f5802c9-ceeb-4fe5-9df8-16a0cc1dc2f3,P1003
063e4798-6ff5-4a91-82de-6cfd0e982df4,P1001
063e4798-6ff5-4a91-82de-6cfd0e982df4,P1003
ba26d2af-69a5-4157-bcff-8106d0a36499,P1001
ba26d2af-69a5-4157-bcff-8106d0a36499,P1002
2a8b68d4-c357-4552-8863-e28e4691e37e,P1003
2a8b68d4-c357-4552-8863-e28e4691e37e,P1004
2a8b68d4-c357-4552-8863-e28e4691e37e,P1002
bd96d57f-b309-41f8-af20-093dd4c8c546,P1004
bd96d57f-b309-41f8-af20-093dd4c8c546,P1001
bd96d57f-b309-41f8-af20-093dd4c8c546,P1003
3186d4a9-b8a0-4c95-b3b4-1775c9c2f09c,P1004
3186d4a9-b8a0-4c95-b3b4-1775c9c2f09c,P1001
27fb5834-35e1-48b8-a2dd-23de256b42bf,P1002
27fb5834-35e1-48b8-a2dd-23de256b42bf,P1004
27fb5834-35e1-48b8-a2dd-23de256b42bf,P1001
2a7fbb6b-d979-44ce-88dd-bc66878040fa,P1003
2a7fbb6b-d979-44ce-88dd-bc66878040fa,P1004
ec835480-5621-4377-9bb2-5256b6310399,P1003
d012c481-cbbd-4e8f-80af-02807118fe1c,P1004
d012c481-cbbd-4e8f-80af-02807118fe1c,P1002
d012c481-cbbd-4e8f-80af-02807118fe1c,P1001
f3486b00-89d0-4c2f-ad43-657af7fa5b2d,P1004
f3486b00-89d0-4c2f-ad43-657af7fa5b2d,P1002
c5ba18b1-86bf-4e71-9b95-19641bebe5a1,P1004
c5ba18b1-86bf-4e71-9b95-19641bebe5a1,P1002
e039700c-6d92-48e0-8b20-3916c42f8415,P1003
77b7cb11-da9b-414b-92d6-55d46b8f68d1,P1001
3ce330ba-45e4-4545-ba9b-02eb8c211806,P1002
da06ec4b-8667-4a6e-81cb-33afc55a256a,P1002
ee0dece4-6c10-4e5a-8652-e460ece53973,P1002
23e9a19d-2b9a-40ec-a37e-3effad0c74dc,P1003
23e9a19d-2b9a-40ec-a37e-3effad0c74dc,P1004
23e9a19d-2b9a-40ec-a37e-3effad0c74dc,P1002
6ed10c00-1d04-488f-ba9e-5fb14348c735,P1003
6ed10c00-1d04-488f-ba9e-5fb14348c735,P1001
46da5145-eaf6-4f04-93c4-6126279cd172,P1003
46da5145-eaf6-4f04-93c4-6126279cd172,P1002
46da5145-eaf6-4f04-93c4-6126279cd172,P1004
3dec55df-5aa7-44c9-97a1-b1218a479f2e,P1002
3dec55df-5aa7-44c9-97a1-b1218a479f2e,P1001
90aec418-5354-436c-9f8d-72f37dc32641,P1004
90aec418-5354-436c-9f8d-72f37dc32641,P1003
90aec418-5354-436c-9f8d-72f37dc32641,P1002
c950589e-5649-41e0-bad1-b23e47fe28f3,P1003
c950589e-5649-41e0-bad1-b23e47fe28f3,P1002
c950589e-5649-41e0-bad1-b23e47fe28f3,P1001
3064b588-102b-42a7-8def-8e1b9a78904e,P1001
3064b588-102b-42a7-8def-8e1b9a78904e,P1003
c5eade22-230c-4e16-8c8d-d350f3445190,P1002
c5eade22-230c-4e16-8c8d-d350f3445190,P1003
eb24e58f-2275-418c-8cf7-061efa0c1a39,P1002
eb24e58f-2275-418c-8cf7-061efa0c1a39,P1003
17745df2-9787-49a3-9983-b59b1ba03e5f,P1002
1e2e4342-bf00-4ef8-b49f-59c36f17b2b0,P1002
df28ae9e-f89b-4246-83c5-b5b2e31de522,P1004
df28ae9e-f89b-4246-83c5-b5b2e31de522,P1002
735849d2-a3ce-45cb-a756-3980fbe50a87,P1002
b0f95e24-903e-4613-805f-e9e7c18de7b3,P1003
f405b02c-9ac9-4af5-bb30-98897ea85127,P1003
f405b02c-9ac9-4af5-bb30-98897ea85127,P1001
f405b02c-9ac9-4af5-bb30-98897ea85127,P1004
bdcce5b3-9ae4-4f41-99c6-d35c9b4c8926,P1003
bdcce5b3-9ae4-4f41-99c6-d35c9b4c8926,P1004
bdcce5b3-9ae4-4f41-99c6-d35c9b4c8926,P1001
8850228b-fd51-48c7-abd1-63af174d5aae,P1002
8850228b-fd51-48c7-abd1-63af174d5aae,P1001
7854f6d3-a039-4525-ae0d-b718d34d1a74,P1003
7854f6d3-a039-4525-ae0d-b718d34d1a74,P1002
7854f6d3-a039-4525-ae0d-b718d34d1a74,P1004
917a20d2-5575-416a-afb7-30543f059e0a,P1002
917a20d2-5575-416a-afb7-30543f059e0a,P1001
917a20d2-5575-416a-afb7-30543f059e0a,P1003
2b7233be-29c3-4d33-99aa-a69ff877ba62,P1004
2b7233be-29c3-4d33-99aa-a69ff877ba62,P1002
952eacda-8ee5-45a8-ae66-a38fdd3f5f4c,P1004
952eacda-8ee5-45a8-ae66-a38fdd3f5f4c,P1001
82aa110e-83d6-4b3b-a448-dd4bc513432e,P1002
82aa110e-83d6-4b3b-a448-dd4bc513432e,P1003
82aa110e-83d6-4b3b-a448-dd4bc513432e,P1001
1fda7f22-471c-48f4-9ac8-f75603a09c8c,P1003
1fda7f22-471c-48f4-9ac8-f75603a09c8c,P1002
4768a0c0-1c49-4b0f-abc8-b6511718f956,P1003
97784e28-de1f-40fc-9cb8-398ca0dafb8c,P1003
e1b24f02-8b36-4a19-a46a-1eb15a4539d1,P1003
e1b24f02-8b36-4a19-a46a-1eb15a4539d1,P1004
e1b24f02-8b36-4a19-a46a-1eb15a4539d1,P1001
0023a546-0cdd-4a44-a8f8-cb7b559c131b,P1001
0023a546-0cdd-4a44-a8f8-cb7b559c131b,P1002
0023a546-0cdd-4a44-a8f8-cb7b559c131b,P1003
6566bb8a-d55a-4019-a5d6-18d8e4cfb259,P1002
6566bb8a-d55a-4019-a5d6-18d8e4cfb259,P1003
6566bb8a-d55a-4019-a5d6-18d8e4cfb259,P1004
1dbef272-5f03-44cc-a83b-55524246c2f1,P1003
860fe584-cf1d-4da3-81b1-9a9d7c522aee,P1004
8428b8e4-22c0-482e-a160-62deeee0cc50,P1002
8428b8e4-22c0-482e-a160-62deeee0cc50,P1003
7817f0d8-38e9-44a6-8236-a17c522573f8,P1002
b8e3e050-8547-444b-9413-956b90d32379,P1004
b8e3e050-8547-444b-9413-956b90d32379,P1001
b2569ba5-85ae-4fbe-b92d-84573d6392da,P1004
b2569ba5-85ae-4fbe-b92d-84573d6392da,P1003
e2cd5f27-5247-4b78-9cb8-6bca47d1634c,P1001
e2cd5f27-5247-4b78-9cb8-6bca47d1634c,P1002
e2cd5f27-5247-4b78-9cb8-6bca47d1634c,P1004
97f0f105-ebb2-4bb9-92c5-f4787b702846,P1002
97f0f105-ebb2-4bb9-92c5-f4787b702846,P1003
97f0f105-ebb2-4bb9-92c5-f4787b702846,P1001
fa90bf54-1251-4cd4-bae9-e327ca1a50fb,P1001
fa90bf54-1251-4cd4-bae9-e327ca1a50fb,P1002
784759fa-3c0e-439a-a4c5-77ab1cd26ead,P1001
a4b1817e-72d0-4b15-ae5f-67ee0b123e40,P1002
a4b1817e-72d0-4b15-ae5f-67ee0b123e40,P1001
a4b1817e-72d0-4b15-ae5f-67ee0b123e40,P1003
05383ad7-f85e-435e-b7b4-0dd10ab598b5,P1003
755f314c-484a-432b-9825-0a5d6fafe4ee,P1003
755f314c-484a-432b-9825-0a5d6fafe4ee,P1002
5117688a-8331-4250-a760-e83aa27c0e01,P1002
5117688a-8331-4250-a760-e83aa27c0e01,P1004
5117688a-8331-4250-a760-e83aa27c0e01,P1003
c9462c0b-975f-4b17-958c-5fded8b50486,P1004
e4df5c39-774b-4376-9e4f-2578b26302c8,P1003
e4df5c39-774b-4376-9e4f-2578b26302c8,P1002
4c3341e1-850f-42f2-8e7b-d82c96578c59,P1002
a573ec43-1041-47c3-be7b-8661dc003f93,P1003
a573ec43-1041-47c3-be7b-8661dc003f93,P1002
a573ec43-1041-47c3-be7b-8661dc003f93,P1004
06589671-e51f-474d-b036-f831472c3035,P1001
06589671-e51f-474d-b036-f831472c3035,P1004
06589671-e51f-474d-b036-f831472c3035,P1002
ce0771a2-3c2a-4733-ac76-96c9a2c11ddf,P1001
ce0771a2-3c2a-4733-ac76-96c9a2c11ddf,P1004
458493fc-5240-47d4-b336-5968333a8014,P1002
458493fc-5240-47d4-b336-5968333a8014,P1001
2013d8f7-f5e0-4105-8aa5-b90d971e6e63,P1004
2d1260ec-9d67-4d22-8348-a519882e5883,P1003
2d1260ec-9d67-4d22-8348-a519882e5883,P1002
0a7f38b0-6e41-460f-8f29-f8c129c5d17d,P1002
0a7f38b0-6e41-460f-8f29-f8c129c5d17d,P1001
0a7f38b0-6e41-460f-8f29-f8c129c5d17d,P1004
091a3ddc-e32c-41d6-8c72-1dd5fdfb9247,P1001
091a3ddc-e32c-41d6-8c72-1dd5fdfb9247,P1004
7766f145-613c-403d-9e16-1b10a63ac8a5,P1003
7766f145-613c-403d-9e16-1b10a63ac8a5,P1002
7766f145-613c-403d-9e16-1b10a63ac8a5,P1004
8898b6e4-eaba-4561-bc05-3a07cbb8b931,P1001
8898b6e4-eaba-4561-bc05-3a07cbb8b931,P1003
8898b6e4-eaba-4561-bc05-3a07cbb8b931,P1004
8c330cf6-6089-4c66-81be-13db05902d8a,P1003
8c330cf6-6089-4c66-81be-13db05902d8a,P1004
8c330cf6-6089-4c66-81be-13db05902d8a,P1002
f0017cd3-a335-4b21-9eb8-2a5b62eea3a3,P1001
f0017cd3-a335-4b21-9eb8-2a5b62eea3a3,P1003
043627bb-f678-4943-afb9-0d97ddb2b2d1,P1002
043627bb-f678-4943-afb9-0d97ddb2b2d1,P1004
043627bb-f678-4943-afb9-0d97ddb2b2d1,P1003
e8d4ccd9-b1d6-40ca-82bb-dec908ed9513,P1004
e8d4ccd9-b1d6-40ca-82bb-dec908ed9513,P1002
e8d4ccd9-b1d6-40ca-82bb-dec908ed9513,P1003
617eca5b-0e8a-4208-9742-3726a4cbb9e9,P1003
617eca5b-0e8a-4208-9742-3726a4cbb9e9,P1002
06690072-2423-4f85-a97d-64534ecac5dc,P1002
06690072-2423-4f85-a97d-64534ecac5dc,P1001
06690072-2423-4f85-a97d-64534ecac5dc,P1004
4501b256-d9a4-4d6d-b1e7-7c58241d45e7,P1001
4501b256-d9a4-4d6d-b1e7-7c58241d45e7,P1002
4501b256-d9a4-4d6d-b1e7-7c58241d45e7,P1003
7b649a3c-8a7c-4602-ae7c-89d54f88e44a,P1001
410548ad-ba23-4162-89fa-2289e0a15643,P1002
410548ad-ba23-4162-89fa-2289e0a15643,P1001
410548ad-ba23-4162-89fa-2289e0a15643,P1004
330372d2-2640-4b04-b3c5-997ada7f6f1f,P1002
330372d2-2640-4b04-b3c5-997ada7f6f1f,P1001
4486242b-9fe5-4613-aa23-0d30a1ea43c3,P1002
3497fca9-94e3-44f8-90e6-92454281915f,P1004
ed141155-56ae-4b6a-b206-9c890b9fbae6,P1003
8ded446f-9289-4f2f-9a63-cdb852b01f1f,P1003
8ded446f-9289-4f2f-9a63-cdb852b01f1f,P1001
22158c51-1666-4aeb-a7d6-bdac180bfef6,P1002
22158c51-1666-4aeb-a7d6-bdac180bfef6,P1004
323e3699-7729-4087-a562-74299762fb4f,P1001
323e3699-7729-4087-a562-74299762fb4f,P1004
57f5237a-fac3-4fc6-9532-6634f5358d79,P1002
57f5237a-fac3-4fc6-9532-6634f5358d79,P1004
57f5237a-fac3-4fc6-9532-6634f5358d79,P1001
95313bdc-27a4-4b83-9041-8be6c50ffa9d,P1002
95313bdc-27a4-4b83-9041-8be6c50ffa9d,P1004
60af70c3-b5d7-4c6d-8330-b1c666d503d4,P1002
60af70c3-b5d7-4c6d-8330-b1c666d503d4,P1003
60af70c3-b5d7-4c6d-8330-b1c666d503d4,P1004
a594bade-9a97-4500-b4c4-7f7516af2ef8,P1003
a594bade-9a97-4500-b4c4-7f7516af2ef8,P1004
24d32a8e-e516-4990-80c6-2ea29c2579c9,P1001
24d32a8e-e516-4990-80c6-2ea29c2579c9,P1004
61fe529d-068d-4e49-84d9-da35b0f4add1,P1002
61fe529d-068d-4e49-84d9-da35b0f4add1,P1001
61fe529d-068d-4e49-84d9-da35b0f4add1,P1003
237f226e-3f7b-462a-9c09-2f6358d23488,P1003
237f226e-3f7b-462a-9c09-2f6358d23488,P1001
237f226e-3f7b-462a-9c09-2f6358d23488,P1004
5f549b47-78b9-4d6a-8b88-e570cce26f45,P1001
2865e628-cd89-4267-8caf-2cfe2c4633f7,P1002
8948b295-6603-488e-b277-cd4d89ac1da8,P1003
8c8124eb-5205-4e76-89e9-47854f080701,P1002
da19f9e5-4791-4234-8660-3eb16b396e84,P1004
da19f9e5-4791-4234-8660-3eb16b396e84,P1001
da19f9e5-4791-4234-8660-3eb16b396e84,P1003
980f3914-ef79-49ea-b180-4c4d87c2fe5a,P1001
980f3914-ef79-49ea-b180-4c4d87c2fe5a,P1004
a987ba5c-af62-4aa6-9937-f39ea0588a68,P1004
e4556f07-e649-4b90-b713-b4018bb73f18,P1003
e4556f07-e649-4b90-b713-b4018bb73f18,P1004
f9dd1b6a-edca-40c7-be0d-0a9d43c9e478,P1001
f9dd1b6a-edca-40c7-be0d-0a9d43c9e478,P1004
11553ea9-e560-4384-8fc8-19f7bc00f445,P1004
11553ea9-e560-4384-8fc8-19f7bc00f445,P1001
729a2740-59ea-478f-a425-bb549a851417,P1001
729a2740-59ea-478f-a425-bb549a851417,P1002
e549ae05-6f5c-4efa-908c-e907432f28ab,P1002
4c3607c7-a54a-41e8-b238-396fed771f6d,P1004
4c3607c7-a54a-41e8-b238-396fed771f6d,P1001
81daa14e-1c29-42db-8826-3f04a4735dfa,P1001
81daa14e-1c29-42db-8826-3f04a4735dfa,P1002
0d675c3d-b042-46dc-996a-eff379606b6b,P1003
0d675c3d-b042-46dc-996a-eff379606b6b,P1001
fde0a68f-3724-488b-9f83-56e415e47163,P1002
fde0a68f-3724-488b-9f83-56e415e47163,P1001
fde0a68f-3724-488b-9f83-56e415e47163,P1004
85346f8f-a7b4-435e-87b0-daf986f7eae8,P1002
85346f8f-a7b4-435e-87b0-daf986f7eae8,P1004
afd0174a-3b81-4c2b-baa4-efa2a35bd184,P1001
afd0174a-3b81-4c2b-baa4-efa2a35bd184,P1002
debc3dfb-547b-4b3c-b478-e7808b33bafc,P1003
ff2c1454-bbea-421b-bf97-a338ee7ce6cd,P1003
ff2c1454-bbea-421b-bf97-a338ee7ce6cd,P1001
ff2c1454-bbea-421b-bf97-a338ee7ce6cd,P1002
c7d01658-f9fc-4d17-91f0-f838f240096b,P1001
c7d01658-f9fc-4d17-91f0-f838f240096b,P1002
193c39c6-a3b0-4dba-a9a7-87fc602a04a0,P1001
193c39c6-a3b0-4dba-a9a7-87fc602a04a0,P1002
a81440ed-6e18-40d9-8438-b40874ea29c2,P1004
a81440ed-6e18-40d9-8438-b40874ea29c2,P1002
a81440ed-6e18-40d9-8438-b40874ea29c2,P1001
8913bdaf-c9fd-4218-a9ae-12d76bdd275f,P1003
8913bdaf-c9fd-4218-a9ae-12d76bdd275f,P1002
8913bdaf-c9fd-4218-a9ae-12d76bdd275f,P1001
37704b56-d969-43a7-9511-a1cd2c952efd,P1002
37704b56-d969-43a7-9511-a1cd2c952efd,P1004
37704b56-d969-43a7-9511-a1cd2c952efd,P1003
ea9ce84a-2704-4ed2-8a6d-5f9e5c234794,P1003
ea9ce84a-2704-4ed2-8a6d-5f9e5c234794,P1001
73e8ea3e-5b9d-44dd-9db9-a488ca4f7ae9,P1003
73e8ea3e-5b9d-44dd-9db9-a488ca4f7ae9,P1001
73e8ea3e-5b9d-44dd-9db9-a488ca4f7ae9,P1002
1620a16c-3c74-4006-9258-e052dd904aa6,P1001
1620a16c-3c74-4006-9258-e052dd904aa6,P1004
1620a16c-3c74-4006-9258-e052dd904aa6,P1002
01e1e6cd-154f-4166-83ad-cced5922887f,P1001
01e1e6cd-154f-4166-83ad-cced5922887f,P1002
0cc766f6-ef50-4c32-a1dd-3d641864f266,P1004
32a8cb21-8eef-463a-bc03-85f045083572,P1003
32a8cb21-8eef-463a-bc03-85f045083572,P1004
2db6a61e-624a-4afd-adfe-3e5861e81962,P1001
8c9c91e1-6eb8-4b19-b8e0-8869b5313a3f,P1003
8c9c91e1-6eb8-4b19-b8e0-8869b5313a3f,P1002
ee3d3c35-c6c3-49b1-b5ad-771e513ed59b,P1002
b3ba8b8b-9766-4be7-b075-7c5bf2362ea9,P1002
5db30917-fadb-4473-992e-7085399b4096,P1004
5db30917-fadb-4473-992e-7085399b4096,P1001
5db30917-fadb-4473-992e-7085399b4096,P1003
2af41018-b9c0-43a0-824e-c4631c770e40,P1003
2af41018-b9c0-43a0-824e-c4631c770e40,P1004
2af41018-b9c0-43a0-824e-c4631c770e40,P1001
17c9169a-c4ad-463f-bf38-43f4fe096e61,P1002
a69e6ebb-edc4-4dab-ba14-d52d455b1998,P1002
a69e6ebb-edc4-4dab-ba14-d52d455b1998,P1001
4ef5722c-d5be-4a17-8dfd-f130e57db5b3,P1002
6b946222-9030-4770-89dc-44d5caa13b19,P1004
6b946222-9030-4770-89dc-44d5caa13b19,P1003
a670d8dd-2083-4b4d-9700-c708e8b0d199,P1001
a670d8dd-2083-4b4d-9700-c708e8b0d199,P1003
f6ef2264-625e-456f-94a3-de530557e8f0,P1001
f6ef2264-625e-456f-94a3-de530557e8f0,P1002
f6ef2264-625e-456f-94a3-de530557e8f0,P1004
65499199-a642-4fbc-b64a-cb0ecbedadb0,P1002
65499199-a642-4fbc-b64a-cb0ecbedadb0,P1004
65499199-a642-4fbc-b64a-cb0ecbedadb0,P1003
11cd4eff-accd-4e1e-9175-65d7d61a2606,P1004
11cd4eff-accd-4e1e-9175-65d7d61a2606,P1003
53d3340b-2f32-48f8-bf66-0da7781cbfa3,P1001
38f381ab-0aee-4b44-aecb-50786d1009f8,P1003
71323cda-aa83-4770-9dc1-54c9bc54204b,P1004
71323cda-aa83-4770-9dc1-54c9bc54204b,P1002
f1dec94f-cae4-4d4b-9e1c-8d557c080fde,P1002
f1dec94f-cae4-4d4b-9e1c-8d557c080fde,P1004
f1dec94f-cae4-4d4b-9e1c-8d557c080fde,P1003
50bc2316-3c67-4530-8936-b3a91aaa3d15,P1003
50bc2316-3c67-4530-8936-b3a91aaa3d15,P1001
e5bf953c-f8c4-428e-a40f-ec62abe03be7,P1004
e5bf953c-f8c4-428e-a40f-ec62abe03be7,P1003
d5701d73-7784-435d-91b7-dfea0ce9bad6,P1002
d5701d73-7784-435d-91b7-dfea0ce9bad6,P1003
ca25b0a6-071e-4538-9072-0874b5618e04,P1001
ca25b0a6-071e-4538-9072-0874b5618e04,P1003
925d01fb-7f6e-4b35-93cc-1962349ade60,P1002
925d01fb-7f6e-4b35-93cc-1962349ade60,P1004
d4e65a0e-02a0-47f4-8f43-24810f6db75b,P1003
d4e65a0e-02a0-47f4-8f43-24810f6db75b,P1004
aa9e4ad5-09a0-407b-9c2a-0e5f31c1d5eb,P1004
aa9e4ad5-09a0-407b-9c2a-0e5f31c1d5eb,P1003
aa9e4ad5-09a0-407b-9c2a-0e5f31c1d5eb,P1001
64cf0aba-06b4-4550-8657-2a041e5296a3,P1003
64cf0aba-06b4-4550-8657-2a041e5296a3,P1004
64cf0aba-06b4-4550-8657-2a041e5296a3,P1001
ad731ab7-c04c-43c0-8270-98d66c84d85b,P1003
768a223d-a1b1-4608-a331-103714424f05,P1001
768a223d-a1b1-4608-a331-103714424f05,P1002
768a223d-a1b1-4608-a331-103714424f05,P1004
c5db7c27-79d5-415d-ab6f-d3e3053577ce,P1004
c5db7c27-79d5-415d-ab6f-d3e3053577ce,P1001
c5db7c27-79d5-415d-ab6f-d3e3053577ce,P1002
086629ab-4f49-4082-8614-a183f1345e6c,P1003
086629ab-4f49-4082-8614-a183f1345e6c,P1001
8866bbf8-9f00-49d1-b538-9e828720d667,P1004
8866bbf8-9f00-49d1-b538-9e828720d667,P1002
d387bb5c-1b57-4df6-82f4-a45a556ad199,P1001
6d9d2211-63a2-4e8f-8d70-7b934cac835f,P1003
6d9d2211-63a2-4e8f-8d70-7b934cac835f,P1002
6d9d2211-63a2-4e8f-8d70-7b934cac835f,P1004
fc780535-2a63-4fc1-9eba-b7f110c3dbd3,P1002
fc780535-2a63-4fc1-9eba-b7f110c3dbd3,P1004
78c7e339-1ca9-400f-be52-e7b611dace77,P1004
73ba16c7-0b55-4200-8de0-61284ea4f2bb,P1004
d9a98fbf-2637-467e-8c91-88fd04bcbf0f,P1004
d9a98fbf-2637-467e-8c91-88fd04bcbf0f,P1001
d9a98fbf-2637-467e-8c91-88fd04bcbf0f,P1002
feda811c-2b46-4337-a6e5-679d19a644c5,P1003
4ff0525f-49b8-46a8-9fd3-636b4ad48eb9,P1004
4ff0525f-49b8-46a8-9fd3-636b4ad48eb9,P1002
cd9c6b36-8bba-43ed-8d0a-2fe7b77d78f9,P1001
cd9c6b36-8bba-43ed-8d0a-2fe7b77d78f9,P1002
1f5c4825-55c1-44b6-8f0f-4d591a26a823,P1003
ea8b554b-d2df-45f9-8ab9-65b4fb71e99f,P1002
ea8b554b-d2df-45f9-8ab9-65b4fb71e99f,P1001
efaeda19-aa89-46f4-b900-abfe47599da5,P1003
efaeda19-aa89-46f4-b900-abfe47599da5,P1002
efaeda19-aa89-46f4-b900-abfe47599da5,P1001
d58618e8-24cb-47b7-b2ef-0697647f588b,P1001
94d950f8-592c-43e9-913f-6a274effb735,P1004
94d950f8-592c-43e9-913f-6a274effb735,P1002
244d5234-9b77-48ba-9a62-d11ec6708701,P1003
2ab6ebbe-84d9-465b-accc-4471209e15ca,P1004
2ab6ebbe-84d9-465b-accc-4471209e15ca,P1003
506ce9d5-e761-4d8f-8257-19a0e33f83c2,P1002
287e8be3-0459-427c-af9d-8db8d653e74b,P1004
287e8be3-0459-427c-af9d-8db8d653e74b,P1002
287e8be3-0459-427c-af9d-8db8d653e74b,P1003
f909ae9f-3003-4058-8fd3-5b1fed678855,P1002
b73398d4-048a-4948-be8f-b623b758eeca,P1003
b4a7254a-e918-4030-896d-c9af773ed6f5,P1003
b4a7254a-e918-4030-896d-c9af773ed6f5,P1002
b4a7254a-e918-4030-896d-c9af773ed6f5,P1001
6b6e412a-927e-4e3e-858a-af42967cc7bd,P1003
f4e2a598-5613-4f4b-a5a5-af19d215dc36,P1002
f4e2a598-5613-4f4b-a5a5-af19d215dc36,P1001
f4e2a598-5613-4f4b-a5a5-af19d215dc36,P1004
6986d965-5f65-4ab8-87df-f7e9ee846308,P1003
6986d965-5f65-4ab8-87df-f7e9ee846308,P1004
6986d965-5f65-4ab8-87df-f7e9ee846308,P1002
f6ca7d77-dd15-4db0-882f-1445059e1133,P1001
f6ca7d77-dd15-4db0-882f-1445059e1133,P1004
80af2def-8188-4e15-b8c0-34b20a9e8b25,P1001
80af2def-8188-4e15-b8c0-34b20a9e8b25,P1003
2c312f3c-25f8-4aeb-9be0-05f1f1fc7378,P1003
2c312f3c-25f8-4aeb-9be0-05f1f1fc7378,P1002
a2144fc5-7d8a-4654-937d-201e0759f871,P1003
9bc7dec7-0dcd-41f5-a37b-cbfbe1aa4452,P1004
9bc7dec7-0dcd-41f5-a37b-cbfbe1aa4452,P1001
9bc7dec7-0dcd-41f5-a37b-cbfbe1aa4452,P1002
36ba36e4-2e7b-404e-a8ab-c176c23a3464,P1004
6d5b9a9e-8192-4531-8667-9827e7a29913,P1003
6d5b9a9e-8192-4531-8667-9827e7a29913,P1004
b3e9ef68-1a4f-4c50-b87b-1c87674fe4d6,P1003
fde4c760-fbe0-4a1a-a838-db4430ddb24a,P1003
a5d33510-1748-45f8-8c21-cb5031688b71,P1003
14dcc1cf-dd48-43a7-95e5-971f7f965aed,P1002
14dcc1cf-dd48-43a7-95e5-971f7f965aed,P1003
14dcc1cf-dd48-43a7-95e5-971f7f965aed,P1004
dac250c7-1111-48a1-8224-3560d0475266,P1002
50fa862b-a1f7-494a-96dc-8a21dda805d5,P1003
50fa862b-a1f7-494a-96dc-8a21dda805d5,P1001
84918ae3-9327-418d-a4a3-0f53706058cc,P1002
9dbae5ff-d573-42c4-b32e-aebf68cea27c,P1004
9dbae5ff-d573-42c4-b32e-aebf68cea27c,P1002
ccdca7cf-177e-4758-854c-4f0487a94d34,P1001
ccdca7cf-177e-4758-854c-4f0487a94d34,P1002
c7b6db1a-6b3f-4408-a2bc-dc86358a12d0,P1001
c7b6db1a-6b3f-4408-a2bc-dc86358a12d0,P1002
98b6250b-9477-4adf-8d86-f9edb1f56c13,P1002
5b2de4a2-35ec-42d5-8244-81cc494e689c,P1004
3c554362-7055-4b00-ae70-6cb388215c18,P1004
3c554362-7055-4b00-ae70-6cb388215c18,P1001
a3c85ade-6cbb-4720-ae99-e41ac70741db,P1002
a3c85ade-6cbb-4720-ae99-e41ac70741db,P1004
4b48f7ba-00c2-432e-a63d-d7dacd555b53,P1001
4b48f7ba-00c2-432e-a63d-d7dacd555b53,P1003
4b48f7ba-00c2-432e-a63d-d7dacd555b53,P1004
c6fd2791-4df0-4cb9-a93b-2dae7204a7b6,P1004
4df5b944-6e63-4406-b117-151b83fc59a2,P1003
4df5b944-6e63-4406-b117-151b83fc59a2,P1001
4df5b944-6e63-4406-b117-151b83fc59a2,P1002
2192cfbb-ed9d-4d3a-a4c1-140540d89a4f,P1002
2192cfbb-ed9d-4d3a-a4c1-140540d89a4f,P1001
2192cfbb-ed9d-4d3a-a4c1-140540d89a4f,P1004
d84e5221-83a7-41db-aca2-70bc299f3d27,P1004
d84e5221-83a7-41db-aca2-70bc299f3d27,P1001
d84e5221-83a7-41db-aca2-70bc299f3d27,P1002
86bf82f9-e29c-409c-9f3a-bbf20f4830c8,P1001
86bf82f9-e29c-409c-9f3a-bbf20f4830c8,P1004
86bf82f9-e29c-409c-9f3a-bbf20f4830c8,P1003
830ae180-7027-4431-8e5d-4b7503bae54b,P1001
830ae180-7027-4431-8e5d-4b7503bae54b,P1004
830ae180-7027-4431-8e5d-4b7503bae54b,P1003
a4ea3f8c-f3cb-4312-9582-e0fc549d59c8,P1003
9849c53d-00e6-4d23-a429-542f2d75f7f6,P1004
9849c53d-00e6-4d23-a429-542f2d75f7f6,P1003
9849c53d-00e6-4d23-a429-542f2d75f7f6,P1001
a99952dd-5593-4b28-9b4c-3546bed13518,P1004
89fd04a1-e20e-4480-a7f3-592009e6f4ce,P1001
1145ed61-d2d4-493f-b635-3ef3120c485f,P1002
1145ed61-d2d4-493f-b635-3ef3120c485f,P1001
2f20b826-dacd-4501-ad36-ff845dee398c,P1003
02845d0e-4aa7-4008-968b-ac3fae8c5561,P1004
02845d0e-4aa7-4008-968b-ac3fae8c5561,P1003
3066caaf-3d72-438b-a539-3c75c70e2694,P1001
31e7092a-d547-4163-a39d-95017d62704b,P1001
31e7092a-d547-4163-a39d-95017d62704b,P1002
31e7092a-d547-4163-a39d-95017d62704b,P1003
bd58b7b2-b154-4943-a299-d58d307989d3,P1001
bd58b7b2-b154-4943-a299-d58d307989d3,P1004
c85362c3-9801-41a5-969c-9c2bf3e99148,P1003
c85362c3-9801-41a5-969c-9c2bf3e99148,P1002
85b2f069-dd30-44d5-8b67-a3c6fb17798e,P1002
85b2f069-dd30-44d5-8b67-a3c6fb17798e,P1003
4790ac31-1a07-4a33-ab03-cc4fd812357c,P1003
4790ac31-1a07-4a33-ab03-cc4fd812357c,P1002
a06f3701-7c79-4942-b5a6-a6709615a7b8,P1002
a06f3701-7c79-4942-b5a6-a6709615a7b8,P1003
621be620-1b8e-477a-879d-259f9e9c79d9,P1003
621be620-1b8e-477a-879d-259f9e9c79d9,P1004
ea35b817-2b3d-4956-94b0-6fbcf2a3044a,P1001
ea35b817-2b3d-4956-94b0-6fbcf2a3044a,P1004
ea35b817-2b3d-4956-94b0-6fbcf2a3044a,P1003
935271d6-7f38-415d-a854-4797e2b0d505,P1004
935271d6-7f38-415d-a854-4797e2b0d505,P1003
935271d6-7f38-415d-a854-4797e2b0d505,P1001
2345d544-65d4-4eb6-b1c0-20a9fdb8e08a,P1004
8faa96f8-1424-4de6-bdf3-cd7ef305b0e4,P1004
8faa96f8-1424-4de6-bdf3-cd7ef305b0e4,P1001
1f3f7ec0-2197-45c6-8e2f-5f9aa766cfa8,P1002
1f3f7ec0-2197-45c6-8e2f-5f9aa766cfa8,P1003
7873889f-da0d-4388-8b95-27e59d7fe71e,P1001
7873889f-da0d-4388-8b95-27e59d7fe71e,P1002
c831c28c-1af3-45a6-947d-0f90274cc70f,P1002
c831c28c-1af3-45a6-947d-0f90274cc70f,P1001
c831c28c-1af3-45a6-947d-0f90274cc70f,P1004
a68a1087-0509-4932-a590-8d3a645833dd,P1004
a68a1087-0509-4932-a590-8d3a645833dd,P1001
a68a1087-0509-4932-a590-8d3a645833dd,P1002
81ed3320-8555-473c-817a-8a22a41e0f5c,P1004
81ed3320-8555-473c-817a-8a22a41e0f5c,P1001
81ed3320-8555-473c-817a-8a22a41e0f5c,P1002
5cc18d5c-1c44-4b6e-8c9f-390310688e33,P1002
5cc18d5c-1c44-4b6e-8c9f-390310688e33,P1003
5cc18d5c-1c44-4b6e-8c9f-390310688e33,P1004
e7693eb3-dbe6-4542-8fe6-070e09384fe0,P1004
e7693eb3-dbe6-4542-8fe6-070e09384fe0,P1001
e7693eb3-dbe6-4542-8fe6-070e09384fe0,P1003
d9fb8375-40b1-4bd0-bd87-8f9f83a6d80c,P1003
d9fb8375-40b1-4bd0-bd87-8f9f83a6d80c,P1001
fb79dc6a-16bb-427a-a7e0-b5ae13d7e1c1,P1002
fb79dc6a-16bb-427a-a7e0-b5ae13d7e1c1,P1003
73b4f176-9b77-4ca2-b127-6fb0a2f28d03,P1002
138b142e-aa67-4e0c-8ca4-bf268a450116,P1003
6fe8a79e-1191-463d-ab7c-89db5c4f26d9,P1002
6fe8a79e-1191-463d-ab7c-89db5c4f26d9,P1004
78c2b2c9-18c0-49be-890d-b26f6073dbe0,P1001
084f1125-1328-467d-a563-1910512000ca,P1003
084f1125-1328-467d-a563-1910512000ca,P1001
82f26231-07df-4b6b-8863-88016d87b403,P1004
82f26231-07df-4b6b-8863-88016d87b403,P1002
a5b87917-c5b0-4b07-b457-5850c711a85a,P1003
a5b87917-c5b0-4b07-b457-5850c711a85a,P1002
334cf1d1-a784-4a43-b986-9b36febe4f06,P1001
334cf1d1-a784-4a43-b986-9b36febe4f06,P1003
2864e705-9f15-45c9-8229-fc10ee20156d,P1004
2864e705-9f15-45c9-8229-fc10ee20156d,P1001
91a5c60d-53a5-4d99-ab70-4b74f29054f6,P1002
91a5c60d-53a5-4d99-ab70-4b74f29054f6,P1003
91a5c60d-53a5-4d99-ab70-4b74f29054f6,P1001
c5df200d-7131-4dc3-abca-31d7eeeee4dd,P1004
c5df200d-7131-4dc3-abca-31d7eeeee4dd,P1001
c5df200d-7131-4dc3-abca-31d7eeeee4dd,P1003
7f553f9b-21f2-46ea-949e-175aabc6fb1a,P1003
23a0a96c-ec6d-4727-8930-cd143d7534d8,P1003
23a0a96c-ec6d-4727-8930-cd143d7534d8,P1001
23a0a96c-ec6d-4727-8930-cd143d7534d8,P1002
2aa69f16-1234-41a6-9191-618c91239b88,P1003
2aa69f16-1234-41a6-9191-618c91239b88,P1002
2aa69f16-1234-41a6-9191-618c91239b88,P1001
a33081f6-d517-4732-ba0e-743c0eef70bb,P1002
0bfbe97b-a78e-4a41-9aa6-630efe57f3c2,P1003
3b1ca496-adda-4198-a400-09748dac51c6,P1002
3b1ca496-adda-4198-a400-09748dac51c6,P1004
3b1ca496-adda-4198-a400-09748dac51c6,P1001
0f68015c-2c09-41dc-80b5-b78d03ac4fe1,P1004
bcf7a98f-d6dc-4f6d-8d4b-fb6208e08e3d,P1003
651e3694-ca4e-414c-9272-a1bed7da30a5,P1001
651e3694-ca4e-414c-9272-a1bed7da30a5,P1002
651e3694-ca4e-414c-9272-a1bed7da30a5,P1003
9e6be35d-87c1-4feb-8cc9-50d4579277f9,P1001
9e6be35d-87c1-4feb-8cc9-50d4579277f9,P1002
10b3d9ef-ea83-40a3-9eaf-de475532ddeb,P1003
d6dfb4d2-9c9d-4031-b1f6-ac3ef44d90e1,P1002
d6dfb4d2-9c9d-4031-b1f6-ac3ef44d90e1,P1003
d6dfb4d2-9c9d-4031-b1f6-ac3ef44d90e1,P1001
b12d51a8-f7df-4f54-a175-333d41f8e128,P1004
b12d51a8-f7df-4f54-a175-333d41f8e128,P1001
363f5241-a2e2-49e7-8109-8a599ec0a25f,P1003
363f5241-a2e2-49e7-8109-8a599ec0a25f,P1002
b7eff2f0-2eb2-403a-9788-55300ce34a0d,P1003
b7eff2f0-2eb2-403a-9788-55300ce34a0d,P1004
f49f4fe3-13d6-4bd0-8fea-84e621e6b35e,P1001
f49f4fe3-13d6-4bd0-8fea-84e621e6b35e,P1002
f49f4fe3-13d6-4bd0-8fea-84e621e6b35e,P1003
895d8c9f-4757-4fc1-8874-b122d16b0f04,P1003
c90addf6-db3a-44a5-b612-2b6d4b3fcac7,P1004
c90addf6-db3a-44a5-b612-2b6d4b3fcac7,P1002
e889c3b4-40b7-4e89-861d-a509445aaf1e,P1004
e889c3b4-40b7-4e89-861d-a509445aaf1e,P1003
31c4a048-86e1-4018-a962-a6673f6d697f,P1004
0096d6cd-e6cf-413d-8f52-7491da16cb90,P1004
0096d6cd-e6cf-413d-8f52-7491da16cb90,P1003
0096d6cd-e6cf-413d-8f52-7491da16cb90,P1002
7ce3772b-b3c8-4dcc-9ea7-6650f2b1fa83,P1002
4a3ad0e3-3cf1-4484-a9cc-ceb620879308,P1003
f274ce9b-84f9-4b53-bb1a-1a844ea3dd56,P1001
f274ce9b-84f9-4b53-bb1a-1a844ea3dd56,P1004
f274ce9b-84f9-4b53-bb1a-1a844ea3dd56,P1003
d5b4cf54-ada6-4d10-8fd7-80cbac68c175,P1002
d5b4cf54-ada6-4d10-8fd7-80cbac68c175,P1004
5de019bd-092f-4539-916a-481941e1c373,P1001
5de019bd-092f-4539-916a-481941e1c373,P1003
16ee5c23-61ad-4a5d-99f7-2f9db009fefa,P1003
1813e408-6688-4fb8-9b0a-39197f06c18c,P1004
4760aa92-a5ed-460a-8a08-2e5ca8844900,P1003
800d6970-2535-4b6c-b0e4-9b7260607b84,P1002
800d6970-2535-4b6c-b0e4-9b7260607b84,P1004
8e6b35fe-b773-4c0d-9d6c-d69a59afe874,P1001
8e6b35fe-b773-4c0d-9d6c-d69a59afe874,P1004
39bacd3e-86bb-4c22-9d51-dc9c208d04dc,P1001
39bacd3e-86bb-4c22-9d51-dc9c208d04dc,P1004
a04af8ef-c08b-4c36-9e51-b47155e08268,P1004
a04af8ef-c08b-4c36-9e51-b47155e08268,P1001
ab5dc74e-d3ad-4369-b2bc-8fe200794349,P1001
ab5dc74e-d3ad-4369-b2bc-8fe200794349,P1003
ab5dc74e-d3ad-4369-b2bc-8fe200794349,P1002
3e502ef3-d708-4fba-ac8b-1f70c11a0204,P1002
d9251c9f-a1d2-4e1f-9fa0-f1261fbfe853,P1003
d9251c9f-a1d2-4e1f-9fa0-f1261fbfe853,P1001
d9251c9f-a1d2-4e1f-9fa0-f1261fbfe853,P1002
c7b046dd-0a22-4fa5-8b42-f18540aafc35,P1003
1c5606bb-596b-4128-8f75-7cfce2f4002c,P1001
c8102d6d-973b-490a-8666-091d1411a281,P1004
c8102d6d-973b-490a-8666-091d1411a281,P1001
d545899d-7c76-44e9-a519-3804e77ea8e6,P1004
06575ca4-b818-4279-bfcf-c0b658118012,P1004
06575ca4-b818-4279-bfcf-c0b658118012,P1002
06575ca4-b818-4279-bfcf-c0b658118012,P1001
ba0c67a1-49c4-4284-93e7-9211248911f2,P1001
ba0c67a1-49c4-4284-93e7-9211248911f2,P1003
f1f42a5f-d67c-4e6d-9d3d-d61c8ecc5ad9,P1004
a0d9687c-ddb6-4f66-be2f-c5e4ca826503,P1004
a0d9687c-ddb6-4f66-be2f-c5e4ca826503,P1002
a0d9687c-ddb6-4f66-be2f-c5e4ca826503,P1001
483f765a-2e12-4402-a80d-0437cffa6dab,P1002
483f765a-2e12-4402-a80d-0437cffa6dab,P1001
c8c6d0e8-3c8c-4302-9f1d-84868bbd2ca3,P1004
c8c6d0e8-3c8c-4302-9f1d-84868bbd2ca3,P1002
c8c6d0e8-3c8c-4302-9f1d-84868bbd2ca3,P1003
20fa1d74-9f4d-4bcc-8518-becdd60f873a,P1001
20fa1d74-9f4d-4bcc-8518-becdd60f873a,P1003
8b73a9f6-07d2-4589-b4a0-261747adaae1,P1003
8b73a9f6-07d2-4589-b4a0-261747adaae1,P1001
8b73a9f6-07d2-4589-b4a0-261747adaae1,P1004
bd5f3ec3-a81f-4f0b-bf7a-9d75382a02a4,P1002
55e13af2-f32b-4a31-98df-b843b8b8e013,P1001
55e13af2-f32b-4a31-98df-b843b8b8e013,P1002
55e13af2-f32b-4a31-98df-b843b8b8e013,P1003
e5c56fa5-243b-433d-b832-483072af974b,P1001
a4a8ae64-7e29-48c8-b92d-469122898543,P1002
a4a8ae64-7e29-48c8-b92d-469122898543,P1001
45413561-2c25-461e-9414-f4b0e9c62a57,P1001
f7a41954-83a9-475c-a1c3-d442b88e47c7,P1002
46cd521d-4f9f-4581-aae9-77f205d62c59,P1004
46cd521d-4f9f-4581-aae9-77f205d62c59,P1003
46cd521d-4f9f-4581-aae9-77f205d62c59,P1001
bf66a36a-1b19-41a8-a5c8-f55f42d2774b,P1001
bf66a36a-1b19-41a8-a5c8-f55f42d2774b,P1004
830db1ba-6e4b-433b-8b2e-15b2d81291e5,P1003
f80ca529-38a8-482a-8d41-cef7873d900f,P1001
f80ca529-38a8-482a-8d41-cef7873d900f,P1003
dd319a98-0518-41ac-92af-62235f11eebf,P1002
dd319a98-0518-41ac-92af-62235f11eebf,P1003
81321e8b-ab65-437e-bb90-ba6db2e4a431,P1003
81321e8b-ab65-437e-bb90-ba6db2e4a431,P1004
81321e8b-ab65-437e-bb90-ba6db2e4a431,P1002
faa7e6b5-ea08-4a97-bf2c-2dc62b21d541,P1004
acb97612-0d3d-4d17-b35c-b2c54173773a,P1001
d07534eb-af0a-469e-8f8b-2f5852d532f0,P1002
20351f90-7b29-4f0e-92f7-f111bc97a97b,P1001
59135c85-d452-4ba6-b615-9e6087645eb5,P1002
59135c85-d452-4ba6-b615-9e6087645eb5,P1004
3a60d07f-4381-445c-8d9b-7a29633ea2d3,P1004
3a60d07f-4381-445c-8d9b-7a29633ea2d3,P1001
3a60d07f-4381-445c-8d9b-7a29633ea2d3,P1002
7eb72871-8ef6-4774-a72e-aa27184de579,P1003
be746805-fb97-47ce-80f0-5c83d2bca62f,P1001
2c0d35e5-5163-45db-ab28-b79ceb344aa0,P1003
2c0d35e5-5163-45db-ab28-b79ceb344aa0,P1001
d5fa3ae4-d148-442b-8a80-02d6bd148a9f,P1001
d5fa3ae4-d148-442b-8a80-02d6bd148a9f,P1004
6ca32d06-6d1c-4a07-a6e9-7318aeb6f3c5,P1001
1b75a451-2f25-4012-bfa6-bd25aba55bba,P1003
6e11fc04-da16-4442-85a5-c209e4204c9d,P1003
6e11fc04-da16-4442-85a5-c209e4204c9d,P1002
348f2310-9f48-48ca-980a-a5001c6a0441,P1002
75a7701b-920e-46b2-8106-c6f456b828aa,P1002
75a7701b-920e-46b2-8106-c6f456b828aa,P1001
9fde4ae1-729f-4a55-92ee-4b8dbe6bdad8,P1004
9fde4ae1-729f-4a55-92ee-4b8dbe6bdad8,P1001
9fde4ae1-729f-4a55-92ee-4b8dbe6bdad8,P1003
39b5a067-6fdc-452d-b7ec-060b71ea31a0,P1004
cabae462-cc25-4f95-b52e-e6c75d50a902,P1001
cabae462-cc25-4f95-b52e-e6c75d50a902,P1002
cabae462-cc25-4f95-b52e-e6c75d50a902,P1003
834abf58-5e83-4be0-8afd-9dee7b765e7d,P1004
834abf58-5e83-4be0-8afd-9dee7b765e7d,P1002
834abf58-5e83-4be0-8afd-9dee7b765e7d,P1001
e952a272-e9c0-4c3e-9719-456bda6954ea,P1003
d13ca45a-5df4-4a52-8767-cb875fbc2914,P1003
d13ca45a-5df4-4a52-8767-cb875fbc2914,P1002
d13ca45a-5df4-4a52-8767-cb875fbc2914,P1004
e47e6dc0-06f8-493d-8f6a-63678f894429,P1002
40263ca8-c8a2-43dd-ab17-d5d960a1902f,P1002
40263ca8-c8a2-43dd-ab17-d5d960a1902f,P1004
ea416073-46e6-427e-ada0-80c1525c8e6f,P1002
a03a3d79-970c-4710-b795-984ee9f415d6,P1002
9eb77206-b748-4d4c-87f0-52087861c8a0,P1003
9eb77206-b748-4d4c-87f0-52087861c8a0,P1002
9eb77206-b748-4d4c-87f0-52087861c8a0,P1001
3f614f42-027d-4c61-9765-a5e2ead735b3,P1003
3f614f42-027d-4c61-9765-a5e2ead735b3,P1002
3f614f42-027d-4c61-9765-a5e2ead735b3,P1001
67d35886-5d31-497b-8db4-ab502407c03c,P1002
67d35886-5d31-497b-8db4-ab502407c03c,P1001
e8297c73-3e07-4bc0-ba5e-1b4a25f89c2a,P1002
e8297c73-3e07-4bc0-ba5e-1b4a25f89c2a,P1004
c0c51974-59c9-4405-bcc3-e17692755a9b,P1004
c0c51974-59c9-4405-bcc3-e17692755a9b,P1002
0b2f8e51-1797-43c0-a976-0c510902f289,P1003
0b2f8e51-1797-43c0-a976-0c510902f289,P1002
0b2f8e51-1797-43c0-a976-0c510902f289,P1004
d851e863-5858-427c-bb0e-a55b8b301cee,P1002
d851e863-5858-427c-bb0e-a55b8b301cee,P1001
d851e863-5858-427c-bb0e-a55b8b301cee,P1003
fcad8f23-11a7-4840-a116-71484aa26627,P1004
dedf918e-e4b3-4190-9ba6-4405ac73d5bf,P1003
a57caa11-e559-4b41-beec-3560faa2d2bd,P1003
a57caa11-e559-4b41-beec-3560faa2d2bd,P1002
a57caa11-e559-4b41-beec-3560faa2d2bd,P1004
56868718-1f1e-472b-9227-cb8a8b66b713,P1001
83e9a689-cb62-4709-96e6-5644b15b49fc,P1004
83e9a689-cb62-4709-96e6-5644b15b49fc,P1002
9469f11f-8354-4818-8395-77359a6c21e7,P1003
9469f11f-8354-4818-8395-77359a6c21e7,P1001
7c45f038-239b-4f2c-9b58-4606c2bd1d2b,P1001
7c45f038-239b-4f2c-9b58-4606c2bd1d2b,P1003
2d89cafd-1003-4a99-8a58-bf3673700aa7,P1002
2d89cafd-1003-4a99-8a58-bf3673700aa7,P1003
ea584b81-b4e8-453a-b9a9-693755f24b69,P1004
ea584b81-b4e8-453a-b9a9-693755f24b69,P1001
ea584b81-b4e8-453a-b9a9-693755f24b69,P1002
b47cbaa5-48ba-413b-b0ab-b6c63dbb25ca,P1003
b47cbaa5-48ba-413b-b0ab-b6c63dbb25ca,P1001
b47cbaa5-48ba-413b-b0ab-b6c63dbb25ca,P1002
fdbead88-03f3-4707-8f26-87e2ae0e4774,P1001
fdbead88-03f3-4707-8f26-87e2ae0e4774,P1003
fdbead88-03f3-4707-8f26-87e2ae0e4774,P1002
499ba078-10ea-4ff6-bfd9-dda5215ef611,P1001
499ba078-10ea-4ff6-bfd9-dda5215ef611,P1002
499ba078-10ea-4ff6-bfd9-dda5215ef611,P1004
3f2f14ff-62c4-4314-922a-95c9afa57669,P1002
3f2f14ff-62c4-4314-922a-95c9afa57669,P1003
3f2f14ff-62c4-4314-922a-95c9afa57669,P1001
c01ab1c8-81ea-439f-86a5-f0c809d0a7b2,P1001
c01ab1c8-81ea-439f-86a5-f0c809d0a7b2,P1003
c01ab1c8-81ea-439f-86a5-f0c809d0a7b2,P1004
9141d894-ca07-44ee-8356-8d05ca0adde4,P1002
952255da-26cf-41a3-8377-6afe448831a3,P1002
49a22a16-fcc0-4927-ad00-e99341097463,P1003
e8d374c5-0011-4284-bd66-58f2966c0200,P1003
e8d374c5-0011-4284-bd66-58f2966c0200,P1004
e607df7e-a491-40e0-aeac-062eaecb2e83,P1002
e607df7e-a491-40e0-aeac-062eaecb2e83,P1003
1e691d5a-f142-4c37-be63-6acf02ab607a,P1001
1e691d5a-f142-4c37-be63-6acf02ab607a,P1002
7c86a5e2-25de-4918-8a9d-2572ecef9adf,P1001
3f4561fe-32e6-400a-9f7d-260fadaa136f,P1001
f09fb9e9-fb1d-4b86-8a83-8b9229ea827a,P1004
f09fb9e9-fb1d-4b86-8a83-8b9229ea827a,P1003
f09fb9e9-fb1d-4b86-8a83-8b9229ea827a,P1001
6c9fae91-ce88-40db-a1c8-ba510afdad9b,P1002
6c9fae91-ce88-40db-a1c8-ba510afdad9b,P1004
f3157f26-1930-4fcb-ab03-4a86ac9c659b,P1003
f3157f26-1930-4fcb-ab03-4a86ac9c659b,P1002
d8669a11-97c2-4f35-bd99-67edf2bd3173,P1004
eb222d49-f1d2-445a-86c6-7cc83833dcf4,P1004
eb222d49-f1d2-445a-86c6-7cc83833dcf4,P1003
eb222d49-f1d2-445a-86c6-7cc83833dcf4,P1002
2fbb8541-baf9-4be7-a730-90a1a8cef03c,P1001
2fbb8541-baf9-4be7-a730-90a1a8cef03c,P1002
2fbb8541-baf9-4be7-a730-90a1a8cef03c,P1003
9b45f74c-cd84-42bc-92a0-b045a70b18de,P1003
9b45f74c-cd84-42bc-92a0-b045a70b18de,P1004
2ce3423f-9188-4f69-9d07-3aeea98cd613,P1003
2ce3423f-9188-4f69-9d07-3aeea98cd613,P1002
d00d5746-24e4-4f18-a37b-18243a9d4816,P1004
d00d5746-24e4-4f18-a37b-18243a9d4816,P1002
8a678a78-d0a7-4d7a-abee-738eb3ee8a16,P1004
a462d94d-e4c6-402f-9d0c-b804d72b068e,P1003
a462d94d-e4c6-402f-9d0c-b804d72b068e,P1002
76877c65-183a-4499-9405-d317ec58bbfc,P1001
f878e76a-98a6-4705-a97c-d2cc0b9842b5,P1003
1bc7a878-4759-4d88-89db-704d4b46c6fe,P1003
1bc7a878-4759-4d88-89db-704d4b46c6fe,P1001
1bc7a878-4759-4d88-89db-704d4b46c6fe,P1002
5f641064-a300-4247-9b60-e931c99ae02d,P1004
88b078de-f1a7-4977-ba74-e529a0aff516,P1002
88b078de-f1a7-4977-ba74-e529a0aff516,P1004
88b078de-f1a7-4977-ba74-e529a0aff516,P1003
134c5e42-7f1b-4a7b-bb20-ea7ad16d217e,P1002
e9be4675-a714-417d-8821-2caca8d055ae,P1004
e9be4675-a714-417d-8821-2caca8d055ae,P1002
8197e71e-7684-4bb4-abdb-d390f332d356,P1003
8197e71e-7684-4bb4-abdb-d390f332d356,P1004
8197e71e-7684-4bb4-abdb-d390f332d356,P1002
31ad0ec9-72bf-4fc8-837c-a7fc0bdc6432,P1002
31ad0ec9-72bf-4fc8-837c-a7fc0bdc6432,P1001
31ad0ec9-72bf-4fc8-837c-a7fc0bdc6432,P1003
54b5f1fe-8d22-4ee6-b58d-665773113838,P1003
54b5f1fe-8d22-4ee6-b58d-665773113838,P1004
cc0622ab-f78c-4d12-b77f-13772990b9b2,P1002
cc0622ab-f78c-4d12-b77f-13772990b9b2,P1003
2fe0cdd5-2e8c-4903-9365-f889c48b5b57,P1004
2fe0cdd5-2e8c-4903-9365-f889c48b5b57,P1003
db21ccce-fc90-43f7-8d67-59b45685ab65,P1002
1880f1df-adbb-477c-919d-9508dd345688,P1002
1880f1df-adbb-477c-919d-9508dd345688,P1001
7a947f99-ee47-4fb5-afab-27da43778936,P1004
7a947f99-ee47-4fb5-afab-27da43778936,P1003
7a947f99-ee47-4fb5-afab-27da43778936,P1001
7fbacf06-3b37-4c04-86f8-385aeb611fce,P1003
18a0bcaa-72a0-49d6-a828-253561c39f91,P1001
8f965321-5dbf-4b4b-ab76-211e56f70890,P1002
8f965321-5dbf-4b4b-ab76-211e56f70890,P1003
8f965321-5dbf-4b4b-ab76-211e56f70890,P1001
415c3e0c-9810-4f6a-a930-0c093d07db32,P1002
415c3e0c-9810-4f6a-a930-0c093d07db32,P1004
415c3e0c-9810-4f6a-a930-0c093d07db32,P1001
3a738802-9238-4df0-a659-a3af98d93331,P1003
3a738802-9238-4df0-a659-a3af98d93331,P1002
a4c9d492-a9a6-4ff2-b6b4-06c549734c08,P1002
7a604905-dfe6-4446-89ef-7dbafaa0fea6,P1001
a596c7d6-702a-4add-ac53-3fbf3e79468b,P1001
d553c000-3813-43da-8b1a-445a22ec7bb9,P1002
d553c000-3813-43da-8b1a-445a22ec7bb9,P1001
d553c000-3813-43da-8b1a-445a22ec7bb9,P1004
759423c3-8a45-46d9-868e-330ead546ce3,P1001
759423c3-8a45-46d9-868e-330ead546ce3,P1003
759423c3-8a45-46d9-868e-330ead546ce3,P1004
d3e1e909-a3d1-4e79-9974-0721e319f623,P1001
d5876909-cd88-4a4d-be68-e43129003e1c,P1004
d5876909-cd88-4a4d-be68-e43129003e1c,P1002
e0e35819-d7a7-49df-932f-077e7b892404,P1004
e0e35819-d7a7-49df-932f-077e7b892404,P1003
b5dd935a-8b90-4a4f-9776-6af8710d5582,P1001
4835cb8e-b686-4f24-9217-f15bed15c479,P1003
4835cb8e-b686-4f24-9217-f15bed15c479,P1002
4835cb8e-b686-4f24-9217-f15bed15c479,P1001
993b44fa-ac8c-4c76-a3ea-d4a315d51707,P1001
44d7f45c-5c68-4a03-845a-4738dd47266e,P1003
44d7f45c-5c68-4a03-845a-4738dd47266e,P1002
44d7f45c-5c68-4a03-845a-4738dd47266e,P1004
e69f5c27-8fe1-438e-b664-d83859fda020,P1001
e69f5c27-8fe1-438e-b664-d83859fda020,P1003
e69f5c27-8fe1-438e-b664-d83859fda020,P1002
e1a17fcf-c45d-4fa8-ab25-7d053f0bcf71,P1004
e1a17fcf-c45d-4fa8-ab25-7d053f0bcf71,P1002
e1a17fcf-c45d-4fa8-ab25-7d053f0bcf71,P1001
b029f59e-608a-488c-a55e-a4f2fc957654,P1003
b029f59e-608a-488c-a55e-a4f2fc957654,P1001
efa4812d-198f-4d24-a68b-18dae96eefaf,P1003
efa4812d-198f-4d24-a68b-18dae96eefaf,P1002
efa4812d-198f-4d24-a68b-18dae96eefaf,P1001
3a49fdd7-6fac-4273-bdfd-c01544507f16,P1003
3a49fdd7-6fac-4273-bdfd-c01544507f16,P1001
3a49fdd7-6fac-4273-bdfd-c01544507f16,P1002
3a9bc6f0-db30-4ff2-bd83-4793e52580e7,P1002
d093bab8-8c11-41f3-9820-f713ddc20ca4,P1004
eb2fc477-5a99-42a9-88fe-dc851f0d0f4d,P1002
eb2fc477-5a99-42a9-88fe-dc851f0d0f4d,P1004
b25e2caa-4e3b-422e-b736-9d17ac6eb097,P1004
b25e2caa-4e3b-422e-b736-9d17ac6eb097,P1001
b25e2caa-4e3b-422e-b736-9d17ac6eb097,P1002
223e0cbe-9bae-483a-bcf9-37a86a544beb,P1004
223e0cbe-9bae-483a-bcf9-37a86a544beb,P1002
67d5bbaa-427a-4100-992a-8ade48f9e084,P1004
67d5bbaa-427a-4100-992a-8ade48f9e084,P1001
67d5bbaa-427a-4100-992a-8ade48f9e084,P1002
d87dff84-85b0-40d3-a92e-a80e1e844db8,P1003
d87dff84-85b0-40d3-a92e-a80e1e844db8,P1002
9141c637-805a-4eff-a5d8-664f01017fe7,P1001
08fc1c9b-3bf4-4a8d-92c3-8808b9538efa,P1003
08fc1c9b-3bf4-4a8d-92c3-8808b9538efa,P1002
08fc1c9b-3bf4-4a8d-92c3-8808b9538efa,P1004
e2abfe45-74aa-4d2c-ac08-e93639748be8,P1004
2a6826a5-b73a-49c3-8964-eaadbdf0ecf5,P1003
2a6826a5-b73a-49c3-8964-eaadbdf0ecf5,P1002
e39325a4-a519-48fd-b1af-99d166a104d7,P1003
5fd441b8-2024-47cd-8b63-14d540644b85,P1004
a431d6ab-49e4-4638-bae8-bd6dbf4f65e3,P1001
a431d6ab-49e4-4638-bae8-bd6dbf4f65e3,P1002
8b394877-4981-428a-a5a2-8e6495acaadf,P1002
8b394877-4981-428a-a5a2-8e6495acaadf,P1004
2405ab3b-4bab-42d2-ac8b-21219fc2b46c,P1002
06a301b1-ae73-439b-961d-1b904059d763,P1004
dbda7f91-f4c8-4ba9-856c-6f9dfd4351db,P1004
08eb9391-713c-49d9-ac7a-f47eb251c236,P1001
08eb9391-713c-49d9-ac7a-f47eb251c236,P1004
483a5f9e-cabb-4e4a-9e0d-9ff682dfc60c,P1001
dfd5675b-b475-4df2-9cd8-fc056314f208,P1004
dfd5675b-b475-4df2-9cd8-fc056314f208,P1001
dfd5675b-b475-4df2-9cd8-fc056314f208,P1003
2c7680aa-697c-48fa-a0c8-2da50ea6113b,P1003
db35887c-2519-4f0c-81ec-afa29e2442ff,P1003
db35887c-2519-4f0c-81ec-afa29e2442ff,P1004
db35887c-2519-4f0c-81ec-afa29e2442ff,P1001
e6cda7f0-cfca-4028-9b53-89c4ea94af28,P1001
e6cda7f0-cfca-4028-9b53-89c4ea94af28,P1002
e6cda7f0-cfca-4028-9b53-89c4ea94af28,P1003
2223a399-9c52-4aa5-b13f-85f4bb857dfb,P1002
4d77a0f8-7301-4a17-9006-15647b0e9aad,P1004
4d77a0f8-7301-4a17-9006-15647b0e9aad,P1001
4d77a0f8-7301-4a17-9006-15647b0e9aad,P1003
b089aa7a-619c-476e-a9f1-bdfa5264fc5f,P1001
77616ca1-e486-4bcf-8228-b9e715cc2884,P1004
77616ca1-e486-4bcf-8228-b9e715cc2884,P1001
077fd980-5d87-4dc7-b43f-556849c63068,P1002
077fd980-5d87-4dc7-b43f-556849c63068,P1004
bd41cc5a-e8c0-466b-885e-438924004399,P1004
bd41cc5a-e8c0-466b-885e-438924004399,P1002
361810bc-2a33-4a22-970c-175bf8cb9446,P1003
361810bc-2a33-4a22-970c-175bf8cb9446,P1002
361810bc-2a33-4a22-970c-175bf8cb9446,P1001
eb13c8ed-d0ee-4877-abd4-25d2a2908d48,P1003
eb13c8ed-d0ee-4877-abd4-25d2a2908d48,P1001
fb2f0940-bcaf-4d4b-a33c-876efbd6d695,P1003
fb2f0940-bcaf-4d4b-a33c-876efbd6d695,P1001
fb2f0940-bcaf-4d4b-a33c-876efbd6d695,P1002
9d7a3e97-ea45-490f-80b6-7a9403081f1c,P1001
9d7a3e97-ea45-490f-80b6-7a9403081f1c,P1002
9d7a3e97-ea45-490f-80b6-7a9403081f1c,P1004
17a13b5d-1fc7-49aa-922b-1c81830da94f,P1001
17a13b5d-1fc7-49aa-922b-1c81830da94f,P1003
b8588130-e204-4ed9-8f40-689249de81fd,P1004
b8588130-e204-4ed9-8f40-689249de81fd,P1003
bb805d11-677b-4b8b-a6ae-92297f4f7588,P1001
bb805d11-677b-4b8b-a6ae-92297f4f7588,P1004
bb805d11-677b-4b8b-a6ae-92297f4f7588,P1003
969f37e0-ed92-4448-8d4f-087ffea6d5e7,P1004
0f626daa-6014-495c-9cd0-7070dbb9ebaa,P1001
0f626daa-6014-495c-9cd0-7070dbb9ebaa,P1002
0f626daa-6014-495c-9cd0-7070dbb9ebaa,P1004
c0ac1064-5418-423a-baed-986dce5bfa7f,P1001
d5da6959-2d4d-4709-94ee-01f479df4abc,P1004
d5da6959-2d4d-4709-94ee-01f479df4abc,P1002
840bb988-0d13-4385-ae80-863592869f40,P1002
840bb988-0d13-4385-ae80-863592869f40,P1001
f35131a6-e250-4db6-9f1b-309815176a64,P1001
f35131a6-e250-4db6-9f1b-309815176a64,P1004
b78deb9e-7334-49d1-bbfc-23763558f405,P1002
a908fdd6-2325-4133-ac2b-9f2d4157be83,P1003
a908fdd6-2325-4133-ac2b-9f2d4157be83,P1002
a908fdd6-2325-4133-ac2b-9f2d4157be83,P1001
0c3944b6-8f19-4aae-9e70-60d4b9bbdc67,P1002
0c3944b6-8f19-4aae-9e70-60d4b9bbdc67,P1004
14379874-9f42-48ae-8ffe-d0f10b8b2f2a,P1001
b2f21408-1353-49c5-98a3-8acbc86f860b,P1001
866aaa58-6940-4fc4-998b-856cb2f340a2,P1004
866aaa58-6940-4fc4-998b-856cb2f340a2,P1003
f3375861-d038-4d80-95d6-79629ac9ccaa,P1001
295aa281-8608-4910-b1f5-4cbfeba6008e,P1003
295aa281-8608-4910-b1f5-4cbfeba6008e,P1002
17db2efe-9763-4e04-9fdf-19894bea9e3d,P1002
17db2efe-9763-4e04-9fdf-19894bea9e3d,P1003
72cb68e2-86c9-41fb-b876-40798f09f887,P1002
72cb68e2-86c9-41fb-b876-40798f09f887,P1001
72cb68e2-86c9-41fb-b876-40798f09f887,P1004
38ffc487-e9ba-4dff-8c85-e351971d959d,P1001
374c5082-f887-4364-91c4-5401219b3d8d,P1004
374c5082-f887-4364-91c4-5401219b3d8d,P1002
c0dffccf-9449-426e-af90-a5378d1812c2,P1002
c0dffccf-9449-426e-af90-a5378d1812c2,P1001
2ee5bd17-a7ea-4b13-a066-7110d2c6824c,P1002
2ee5bd17-a7ea-4b13-a066-7110d2c6824c,P1001
4b34c1c4-3b3b-4524-b4ef-dd8dd7d2ff10,P1001
4b34c1c4-3b3b-4524-b4ef-dd8dd7d2ff10,P1004
4b34c1c4-3b3b-4524-b4ef-dd8dd7d2ff10,P1002
18f5d26c-fefe-45cf-b12a-e9ad9c76e936,P1001
d4386c25-e1f4-4b2d-b6a9-8232210fe3b4,P1004
d4386c25-e1f4-4b2d-b6a9-8232210fe3b4,P1003
d4386c25-e1f4-4b2d-b6a9-8232210fe3b4,P1002
ea939fd1-b6ff-4d71-a27f-d3b338e474fb,P1004
ea939fd1-b6ff-4d71-a27f-d3b338e474fb,P1001
ea939fd1-b6ff-4d71-a27f-d3b338e474fb,P1003
3aec4b15-9f05-49c2-a0fa-584c66944187,P1001
3aec4b15-9f05-49c2-a0fa-584c66944187,P1004
3aec4b15-9f05-49c2-a0fa-584c66944187,P1002
2ac50dbe-063f-41e9-8d86-a83035d27325,P1003
2ac50dbe-063f-41e9-8d86-a83035d27325,P1001
41ba5ce1-45a0-4cce-ab08-b061e463fcc8,P1002
a63fe76b-f066-4f17-a1a2-1ce00cadd9e6,P1004
a63fe76b-f066-4f17-a1a2-1ce00cadd9e6,P1003
a63fe76b-f066-4f17-a1a2-1ce00cadd9e6,P1002
f02df65b-cd24-4d83-98b0-7dad7fd3a2e8,P1001
f02df65b-cd24-4d83-98b0-7dad7fd3a2e8,P1002
f02df65b-cd24-4d83-98b0-7dad7fd3a2e8,P1004
36041e41-0567-4cad-b318-8b2a03961ff3,P1002
36041e41-0567-4cad-b318-8b2a03961ff3,P1003
991bf2a9-9f31-4ac8-bd64-0d50fb69d727,P1002
991bf2a9-9f31-4ac8-bd64-0d50fb69d727,P1004
e5405242-9862-4162-bbe1-23a4a02e43e9,P1003
e5405242-9862-4162-bbe1-23a4a02e43e9,P1001
e5405242-9862-4162-bbe1-23a4a02e43e9,P1002
cff3a99f-3629-47e9-8cf1-e96d898f8e75,P1002
cff3a99f-3629-47e9-8cf1-e96d898f8e75,P1003
cff3a99f-3629-47e9-8cf1-e96d898f8e75,P1001
75352677-8e99-452d-a382-c5d522ac41ee,P1004
75352677-8e99-452d-a382-c5d522ac41ee,P1003
75352677-8e99-452d-a382-c5d522ac41ee,P1001
1b0160bf-5694-42a6-b9aa-4c3775a30ff1,P1003
62fff5ae-6a8c-4356-941e-a3d5ceab391a,P1003
62fff5ae-6a8c-4356-941e-a3d5ceab391a,P1004
0884417d-1b69-4408-b510-1b44141b41b5,P1002
0884417d-1b69-4408-b510-1b44141b41b5,P1003
0884417d-1b69-4408-b510-1b44141b41b5,P1004
9f7bd2ed-9148-4794-95c3-031795676d9b,P1002
a63ff0bb-2068-40d1-bca9-5f8ada8f3529,P1001
a63ff0bb-2068-40d1-bca9-5f8ada8f3529,P1002
23c109ff-e3fe-4337-8457-1726c6122557,P1004
23c109ff-e3fe-4337-8457-1726c6122557,P1001
23c109ff-e3fe-4337-8457-1726c6122557,P1003
114f0a40-f382-4770-afe4-68b23ee79730,P1004
642144f2-718f-4823-9805-71ddd059c2d8,P1001
304f6027-270c-4521-ac7a-e59508a57c71,P1002
771a144b-b161-4d38-82af-194c9087454d,P1002
771a144b-b161-4d38-82af-194c9087454d,P1004
771a144b-b161-4d38-82af-194c9087454d,P1001
8a5569a5-9af0-4857-934f-e255a9795045,P1003
d15d790b-b7b8-4521-b995-0f3e026119bc,P1002
d15d790b-b7b8-4521-b995-0f3e026119bc,P1004
d15d790b-b7b8-4521-b995-0f3e026119bc,P1003
b6d0b28a-5ad3-4fe0-9dfb-7e3c366a50d3,P1003
e1477b39-2784-4cc1-834d-08f03dfb5807,P1001
ecb1fdf9-cad9-440b-860c-7f7218001886,P1004
ecb1fdf9-cad9-440b-860c-7f7218001886,P1002
ecb1fdf9-cad9-440b-860c-7f7218001886,P1003
9e4f8ac7-93b3-4f34-bc41-6f0dad7444d6,P1004
9e4f8ac7-93b3-4f34-bc41-6f0dad7444d6,P1001
9e4f8ac7-93b3-4f34-bc41-6f0dad7444d6,P1003
bd4ca9d5-9de1-4663-b644-978d690aad95,P1001
bd4ca9d5-9de1-4663-b644-978d690aad95,P1004
bd4ca9d5-9de1-4663-b644-978d690aad95,P1002
b5f377d8-c09b-47a3-8c39-72ce0367e181,P1001
b5f377d8-c09b-47a3-8c39-72ce0367e181,P1003
b5f377d8-c09b-47a3-8c39-72ce0367e181,P1002
13694b80-87b4-4519-9eb4-8ec06fee4165,P1002
61087486-1788-4157-80fc-d1c90c9e814e,P1004
d9779add-eea6-409f-9079-a527a1bd6a10,P1001
67a13bda-6bb8-49f9-a3e8-4442394f0afe,P1002
f60ae85e-1c53-4732-b6fa-de7c8f9a0205,P1001
17b9a2aa-8536-4342-bbd0-f5c86c9f4cb8,P1003
17b9a2aa-8536-4342-bbd0-f5c86c9f4cb8,P1004
17b9a2aa-8536-4342-bbd0-f5c86c9f4cb8,P1001
35fe642a-5f9a-44e6-aa4f-58347fae0307,P1004
35fe642a-5f9a-44e6-aa4f-58347fae0307,P1002
35fe642a-5f9a-44e6-aa4f-58347fae0307,P1003
84bd2642-5f2a-4dfc-9a53-7070452ba4f1,P1001
84bd2642-5f2a-4dfc-9a53-7070452ba4f1,P1004
84bd2642-5f2a-4dfc-9a53-7070452ba4f1,P1003
b7b1dbe9-1d4f-4385-b9a6-6a5c2e07226a,P1002
b7b1dbe9-1d4f-4385-b9a6-6a5c2e07226a,P1001
b7b1dbe9-1d4f-4385-b9a6-6a5c2e07226a,P1003
01516f60-fab1-4d21-9dc7-f77ffa7fa6f0,P1002
01516f60-fab1-4d21-9dc7-f77ffa7fa6f0,P1001
5df9669b-c7b6-48eb-837b-6cbf60367165,P1002
5df9669b-c7b6-48eb-837b-6cbf60367165,P1001
5df9669b-c7b6-48eb-837b-6cbf60367165,P1003
3a51d8a2-6262-4cbe-873f-f4377199fd7e,P1003
3a51d8a2-6262-4cbe-873f-f4377199fd7e,P1002
16e6dfab-bc9e-4cb6-9706-c95c5f8ddba0,P1002
16e6dfab-bc9e-4cb6-9706-c95c5f8ddba0,P1001
8d640569-f543-497e-87ad-dc62a2eb69a3,P1003
8d640569-f543-497e-87ad-dc62a2eb69a3,P1004
8d640569-f543-497e-87ad-dc62a2eb69a3,P1001
e93507d7-2543-4b99-830b-92a8351705d5,P1003
9f38a26c-e12c-4bff-8255-468667a07c6c,P1001
9f38a26c-e12c-4bff-8255-468667a07c6c,P1003
9fcd5492-ec2c-4c12-9d13-eed5211520be,P1001
9fcd5492-ec2c-4c12-9d13-eed5211520be,P1004
0602f515-22e6-40bf-a495-a0c8151c4bb1,P1003
c386f1d4-555f-42f7-9fd0-980306daf4e5,P1003
c386f1d4-555f-42f7-9fd0-980306daf4e5,P1002
c386f1d4-555f-42f7-9fd0-980306daf4e5,P1004
2ac97b19-44b6-4736-a392-da9c00ce7ebb,P1003
2ac97b19-44b6-4736-a392-da9c00ce7ebb,P1001
2ac97b19-44b6-4736-a392-da9c00ce7ebb,P1004
d2b6bc68-ae04-4281-88b1-346efea42620,P1004
68d2beed-c6ef-4439-bc09-67e1a7363ef7,P1003
68d2beed-c6ef-4439-bc09-67e1a7363ef7,P1001
68d2beed-c6ef-4439-bc09-67e1a7363ef7,P1002
9db747d8-4d24-4a6a-9177-d3f05d981da7,P1002
fc99b911-9a9c-4edb-8366-1c710c72b494,P1001
fc99b911-9a9c-4edb-8366-1c710c72b494,P1003
8402e58b-70d0-463c-904d-f1858e7ab275,P1003
8402e58b-70d0-463c-904d-f1858e7ab275,P1001
8402e58b-70d0-463c-904d-f1858e7ab275,P1004
810435d6-cd9f-46ae-bf99-6c47c17e9f0b,P1002
810435d6-cd9f-46ae-bf99-6c47c17e9f0b,P1004
810435d6-cd9f-46ae-bf99-6c47c17e9f0b,P1001
96c6e6da-79e2-4787-aa2a-0783ec1a91d9,P1004
578f5701-c730-4504-827c-0a7b4910602b,P1002
c0cb37d4-d36d-454c-b25a-ce04e45a7e58,P1003
c0cb37d4-d36d-454c-b25a-ce04e45a7e58,P1002
a4304181-7eae-4587-814b-a79d20ee42f8,P1004
a4304181-7eae-4587-814b-a79d20ee42f8,P1002
4b42892a-94b6-465c-b036-5da9cf969c70,P1003
97e66917-51cf-4f1c-b92d-d29ede1dc083,P1002
97e66917-51cf-4f1c-b92d-d29ede1dc083,P1003
97e66917-51cf-4f1c-b92d-d29ede1dc083,P1004
4998f543-9505-4961-95bb-aceb7cdf7d09,P1001
ced88db8-16e4-4d50-be76-665b224a85e8,P1004
ced88db8-16e4-4d50-be76-665b224a85e8,P1002
003d1c86-9e29-4c61-a13f-1b3955535e7e,P1004
003d1c86-9e29-4c61-a13f-1b3955535e7e,P1001
6264c2c3-7686-4842-a484-b8aa90c91aa2,P1002
6264c2c3-7686-4842-a484-b8aa90c91aa2,P1003
eebd885a-3729-4ef9-a0db-50f03adb071b,P1003
136ef96b-d5ad-47a1-b7b5-caa66f72bd25,P1004
d3eba8f6-288d-4bc7-98da-4d5aa2df88e7,P1002
da581233-2867-468b-bcce-fb6410335321,P1001
1284c515-405f-45ce-9025-01fb7813fea7,P1003
4dc527dc-7ebc-4320-bcd3-1c95169e9cc8,P1003
7da35db3-0984-4159-99fb-e183e04ac10b,P1004
7da35db3-0984-4159-99fb-e183e04ac10b,P1003
7da35db3-0984-4159-99fb-e183e04ac10b,P1002
ff7d2ce4-4262-4d2b-9d60-c7fa2d9cb664,P1002
ff7d2ce4-4262-4d2b-9d60-c7fa2d9cb664,P1001
ff7d2ce4-4262-4d2b-9d60-c7fa2d9cb664,P1004
d1831b9e-3c43-434b-9fa6-814953ed4a14,P1001
bce4f044-0c6b-4bbf-a489-4b024e4ab6a6,P1002
bce4f044-0c6b-4bbf-a489-4b024e4ab6a6,P1004
2a0be440-2926-4092-b844-533fe8b36385,P1001
96a1022e-4d38-4c9c-abe6-0862b1474cfa,P1004
e9f7e557-e450-4db0-8595-db2dbb83f37d,P1004
7e65d7ad-1e36-4f75-9528-c99aab68a46e,P1003
7e65d7ad-1e36-4f75-9528-c99aab68a46e,P1004
7e65d7ad-1e36-4f75-9528-c99aab68a46e,P1001
1364a7eb-7595-4710-adb6-69462fd1cb95,P1004
a7a179fe-e788-4594-abb1-ab30ecd69e71,P1002
a7a179fe-e788-4594-abb1-ab30ecd69e71,P1001
a7a179fe-e788-4594-abb1-ab30ecd69e71,P1003
100a649f-9ddf-4c31-baf4-5ac877db77f8,P1004
100a649f-9ddf-4c31-baf4-5ac877db77f8,P1003
100a649f-9ddf-4c31-baf4-5ac877db77f8,P1002
bf684562-ce1d-4a47-868c-fe968cd0f927,P1001
bf684562-ce1d-4a47-868c-fe968cd0f927,P1003
9d06c712-50ec-4caa-8439-782ef51d4193,P1003
9d06c712-50ec-4caa-8439-782ef51d4193,P1002
90dc14e5-f3b3-4770-abd6-800166f917cc,P1002
3713d0d1-cf9b-4914-b2b5-b6e5473cf242,P1001
d99a9db4-a5fe-417c-a869-f355423ac8a6,P1002
d99a9db4-a5fe-417c-a869-f355423ac8a6,P1004
ab415dcb-f2f2-4c2d-81c4-da6027e04b36,P1003
324557fc-874c-4658-8024-54179af8e3ae,P1002
6ffdbef8-62e1-4cff-9619-1972d6ebfc70,P1004
34666975-a43b-4309-b2b6-7047f7b9769c,P1004
eb280e8b-22c5-48b8-ac72-a25055919059,P1004
eb280e8b-22c5-48b8-ac72-a25055919059,P1001
2b3f9bdc-b966-4355-b5e4-780833af84b0,P1002
e14a6328-350d-4dc1-afb3-523b117f9ab1,P1004
e14a6328-350d-4dc1-afb3-523b117f9ab1,P1001
fec5286c-664e-478a-ad22-9b18daf89f98,P1004
fec5286c-664e-478a-ad22-9b18daf89f98,P1001
7e3684a0-3f23-4302-96fa-00adbe6dbbed,P1001
7e3684a0-3f23-4302-96fa-00adbe6dbbed,P1002
7e3684a0-3f23-4302-96fa-00adbe6dbbed,P1004
255359d7-dff2-4fd7-aa8f-8f1a9ef7347d,P1001
255359d7-dff2-4fd7-aa8f-8f1a9ef7347d,P1002
255359d7-dff2-4fd7-aa8f-8f1a9ef7347d,P1003
41d23e27-58ff-41fb-942a-8f6b06d2e39f,P1004
ce50c099-ae99-413f-8e20-649c76c6573f,P1003
ce50c099-ae99-413f-8e20-649c76c6573f,P1001
ce50c099-ae99-413f-8e20-649c76c6573f,P1004
1c602821-ced5-434b-983b-b61829ba4006,P1001
1c602821-ced5-434b-983b-b61829ba4006,P1004
95d6ce7d-06f5-4be7-9d30-2941767a5e34,P1003
4279be49-47e8-46f7-a45c-12e5407586fe,P1003
4279be49-47e8-46f7-a45c-12e5407586fe,P1004
ef1bc1d5-f31d-475d-836c-e22dd0483f1b,P1003
19840a9e-8065-4dbd-a0d7-445487e334d8,P1003
19840a9e-8065-4dbd-a0d7-445487e334d8,P1001
19840a9e-8065-4dbd-a0d7-445487e334d8,P1004
0b33f71a-7ccb-45f3-991b-ed186da95483,P1003
0b33f71a-7ccb-45f3-991b-ed186da95483,P1001
0b33f71a-7ccb-45f3-991b-ed186da95483,P1004
eb6270e2-ed02-46cb-8e9f-c62349d0fda9,P1003
eb6270e2-ed02-46cb-8e9f-c62349d0fda9,P1004
2961c796-23aa-4ba0-90d6-a0aaf5166388,P1004
2961c796-23aa-4ba0-90d6-a0aaf5166388,P1002
f4d2d865-1682-469a-bb45-60d83285d4a4,P1004
6ba36c4a-4fc4-45df-b773-0429435cd548,P1001
694c4e9c-28da-46bb-be40-6dffe1490494,P1001
694c4e9c-28da-46bb-be40-6dffe1490494,P1004
694c4e9c-28da-46bb-be40-6dffe1490494,P1002
40ca7107-98a2-445a-8c93-ad0567f68e0e,P1001
40ca7107-98a2-445a-8c93-ad0567f68e0e,P1003
40ca7107-98a2-445a-8c93-ad0567f68e0e,P1002
6ae05788-f780-4502-a491-3f2915dc1f84,P1004
6ae05788-f780-4502-a491-3f2915dc1f84,P1001
6ae05788-f780-4502-a491-3f2915dc1f84,P1002
d29c39a2-d740-4406-aabe-948ad15f88cb,P1002
d29c39a2-d740-4406-aabe-948ad15f88cb,P1003
d29c39a2-d740-4406-aabe-948ad15f88cb,P1004
3cd5dbf4-1f04-40cf-a4d8-35f4f42074c4,P1003
3cd5dbf4-1f04-40cf-a4d8-35f4f42074c4,P1004
a4abc647-cbe4-4c5f-839d-202d438a59d7,P1002
a4abc647-cbe4-4c5f-839d-202d438a59d7,P1003
f72cfcef-4a70-468f-9f8e-9e648e1b48c2,P1003
f72cfcef-4a70-468f-9f8e-9e648e1b48c2,P1001
be768a75-55f1-46c1-9cd2-b076e244e86b,P1002
be768a75-55f1-46c1-9cd2-b076e244e86b,P1001
be768a75-55f1-46c1-9cd2-b076e244e86b,P1004
223d89e5-43b2-4320-a2ec-e30abc819574,P1004
223d89e5-43b2-4320-a2ec-e30abc819574,P1002
223d89e5-43b2-4320-a2ec-e30abc819574,P1001
d6f94e2e-1015-4fed-a104-5aa57cc2d23e,P1004
d6f94e2e-1015-4fed-a104-5aa57cc2d23e,P1002
bd5abbbc-22c1-42c3-a41b-0f2c1d1e7de5,P1001
498b29e1-4de3-4466-afb8-326c5b0a5a61,P1004
498b29e1-4de3-4466-afb8-326c5b0a5a61,P1001
5180f365-9843-4308-a099-b837339c052c,P1002
5180f365-9843-4308-a099-b837339c052c,P1001
5180f365-9843-4308-a099-b837339c052c,P1003
08287a57-eb0a-4917-b540-3299beadb7a0,P1002
08287a57-eb0a-4917-b540-3299beadb7a0,P1001
08287a57-eb0a-4917-b540-3299beadb7a0,P1003
49de8099-b970-471e-8d65-1ea1567d5072,P1003
49de8099-b970-471e-8d65-1ea1567d5072,P1002
49de8099-b970-471e-8d65-1ea1567d5072,P1001
a5b931f7-4608-4aa1-9056-c17e93086ebc,P1001
b2ea7e0c-3592-46ac-bd38-b7e1cc170401,P1004
b2ea7e0c-3592-46ac-bd38-b7e1cc170401,P1003
b2ea7e0c-3592-46ac-bd38-b7e1cc170401,P1001
54837217-0d70-4355-8276-21e331ca5443,P1001
54837217-0d70-4355-8276-21e331ca5443,P1004
54837217-0d70-4355-8276-21e331ca5443,P1003
77581574-8d4e-4231-8a6b-7eab909ea8bb,P1002
77581574-8d4e-4231-8a6b-7eab909ea8bb,P1003
77581574-8d4e-4231-8a6b-7eab909ea8bb,P1004
65ddd5c4-8e1f-4f24-bbae-69512bbfb07c,P1001
65ddd5c4-8e1f-4f24-bbae-69512bbfb07c,P1004
65ddd5c4-8e1f-4f24-bbae-69512bbfb07c,P1002
fbcf271f-81e7-4e10-af7b-3c91d2943d0d,P1003
fbcf271f-81e7-4e10-af7b-3c91d2943d0d,P1001
744399c2-0a18-4dd6-b83f-b34cff4579f9,P1003
744399c2-0a18-4dd6-b83f-b34cff4579f9,P1001
744399c2-0a18-4dd6-b83f-b34cff4579f9,P1002
7cf45622-25c8-4be6-b01b-95661ec55bab,P1001
935488cc-78ac-4a05-9367-c44c2c9bde9a,P1001
0cd03bd0-578b-43a5-a3e8-f4c1ca570b3d,P1004
0cd03bd0-578b-43a5-a3e8-f4c1ca570b3d,P1001
0cd03bd0-578b-43a5-a3e8-f4c1ca570b3d,P1002
c0fc506c-dd1d-4132-99bc-390a936b618a,P1004
c0fc506c-dd1d-4132-99bc-390a936b618a,P1003
c0fc506c-dd1d-4132-99bc-390a936b618a,P1001
1eb34a95-735b-4841-b351-148baabda17f,P1002
1eb34a95-735b-4841-b351-148baabda17f,P1004
835856b1-fbe0-421b-91f0-d2f64ef061e7,P1003
b7337a72-bd94-4a0c-b637-7f39c8ecc4a2,P1001
b7337a72-bd94-4a0c-b637-7f39c8ecc4a2,P1004
b7337a72-bd94-4a0c-b637-7f39c8ecc4a2,P1002
a95b2283-1e9c-4078-9f06-d4ec52416601,P1003
a95b2283-1e9c-4078-9f06-d4ec52416601,P1004
12f4a262-9b35-4ed3-926d-f3a7273c0198,P1004
5311d808-1b60-4a93-9d48-4e58c85bcb36,P1001
5311d808-1b60-4a93-9d48-4e58c85bcb36,P1003
5311d808-1b60-4a93-9d48-4e58c85bcb36,P1004
23481105-c936-4e45-b7dd-a7612a1f3fe9,P1001
23481105-c936-4e45-b7dd-a7612a1f3fe9,P1002
23481105-c936-4e45-b7dd-a7612a1f3fe9,P1004
fb11e4f5-3474-46d6-8845-cd2b73515c8f,P1001
fb11e4f5-3474-46d6-8845-cd2b73515c8f,P1003
fb11e4f5-3474-46d6-8845-cd2b73515c8f,P1004
dd4570dc-f974-4275-8835-7667abda97eb,P1001
dd4570dc-f974-4275-8835-7667abda97eb,P1002
dd4570dc-f974-4275-8835-7667abda97eb,P1003
2ef0bf39-c8eb-41b8-bfae-7e2ee6cba845,P1004
2ef0bf39-c8eb-41b8-bfae-7e2ee6cba845,P1002
2613532e-59d2-4ecd-8f90-71fc8e4d5f66,P1002
d35cdc72-df1c-4d68-9c53-00e43dbe3524,P1003
d35cdc72-df1c-4d68-9c53-00e43dbe3524,P1004
d35cdc72-df1c-4d68-9c53-00e43dbe3524,P1002
82f5496c-b7fd-4406-9c9a-2ec0dc230439,P1004
82f5496c-b7fd-4406-9c9a-2ec0dc230439,P1002
82f5496c-b7fd-4406-9c9a-2ec0dc230439,P1003
9ee77c49-d84c-461b-a0d5-48b3ae99ae7d,P1002
9ee77c49-d84c-461b-a0d5-48b3ae99ae7d,P1003
9ee77c49-d84c-461b-a0d5-48b3ae99ae7d,P1004
4d318392-2746-4ec5-aa66-c83648469ba7,P1001
4d318392-2746-4ec5-aa66-c83648469ba7,P1003
aa6167e6-c664-48f5-a558-9dcb3a508c60,P1004
aa6167e6-c664-48f5-a558-9dcb3a508c60,P1002
914dbf79-f7b8-46a2-bc97-5d4b41c05d1f,P1001
914dbf79-f7b8-46a2-bc97-5d4b41c05d1f,P1002
914dbf79-f7b8-46a2-bc97-5d4b41c05d1f,P1004
006c6955-c1ea-424f-ad2c-07eb6ad43029,P1004
006c6955-c1ea-424f-ad2c-07eb6ad43029,P1003
006c6955-c1ea-424f-ad2c-07eb6ad43029,P1001
09b0789d-b630-4f7f-81e0-a8a4dfb354ee,P1001
09b0789d-b630-4f7f-81e0-a8a4dfb354ee,P1003
1fef1232-da72-446d-ab15-9d515632565c,P1004
1fef1232-da72-446d-ab15-9d515632565c,P1002
cb3e5195-6229-4638-8d20-7291b71d2137,P1001
f4d2ac45-fbdc-4296-99ac-0c0d1f01bcc9,P1002
f4d2ac45-fbdc-4296-99ac-0c0d1f01bcc9,P1004
f4d2ac45-fbdc-4296-99ac-0c0d1f01bcc9,P1003
18ad6ab1-48de-4934-9c52-3adc3b830b93,P1004
18ad6ab1-48de-4934-9c52-3adc3b830b93,P1003
18ad6ab1-48de-4934-9c52-3adc3b830b93,P1001
7b0f906b-c668-4be4-bc2e-a0047738cb5a,P1002
7b0f906b-c668-4be4-bc2e-a0047738cb5a,P1003
973a8560-1337-4927-8c46-3ab4a97bc3dd,P1002
973a8560-1337-4927-8c46-3ab4a97bc3dd,P1003
6167bd4f-80da-4014-a30a-1cc03bee8063,P1002
6167bd4f-80da-4014-a30a-1cc03bee8063,P1001
4e487bde-a271-4134-baf8-d5038352cf51,P1002
4e487bde-a271-4134-baf8-d5038352cf51,P1004
3cf400e9-c1c5-4d1d-b87b-2a63702e3fe8,P1004
aa28e2e3-a335-4ccc-a597-ab438b85b367,P1001
d0092021-23bc-4398-aa84-774673e6d81c,P1001
d0092021-23bc-4398-aa84-774673e6d81c,P1002
3677b4af-79ed-43c1-bbda-1cdc27e8ecd8,P1004
3677b4af-79ed-43c1-bbda-1cdc27e8ecd8,P1001
a4afc9ef-b2ae-4499-80fc-75fbd75d1781,P1001
a4afc9ef-b2ae-4499-80fc-75fbd75d1781,P1004
a4afc9ef-b2ae-4499-80fc-75fbd75d1781,P1003
e7287c30-ac92-4f3d-b36b-997e0a6ac3d0,P1001
e7287c30-ac92-4f3d-b36b-997e0a6ac3d0,P1002
16901d9f-f9ce-41e5-b74b-33b80ddf7099,P1004
16901d9f-f9ce-41e5-b74b-33b80ddf7099,P1001
16901d9f-f9ce-41e5-b74b-33b80ddf7099,P1002
836fa4f9-ac23-4831-abde-efeae0e4585d,P1003
836fa4f9-ac23-4831-abde-efeae0e4585d,P1001
836fa4f9-ac23-4831-abde-efeae0e4585d,P1002
e9e1f7f7-921f-4cf8-89a0-693a5ad336a9,P1002
e9e1f7f7-921f-4cf8-89a0-693a5ad336a9,P1004
e9e1f7f7-921f-4cf8-89a0-693a5ad336a9,P1003
fb2ae26e-31fd-4a5c-a131-450cfeba6413,P1001
fb2ae26e-31fd-4a5c-a131-450cfeba6413,P1004
fb2ae26e-31fd-4a5c-a131-450cfeba6413,P1003
35b39234-586f-4a48-9452-39cc04c1bb81,P1001
35b39234-586f-4a48-9452-39cc04c1bb81,P1004
c0562916-ce8b-4974-9ec5-4fc5bae3d007,P1002
26f31a8e-c4ff-434e-8760-ec6ef30679ef,P1003
26f31a8e-c4ff-434e-8760-ec6ef30679ef,P1001
26f31a8e-c4ff-434e-8760-ec6ef30679ef,P1002
48a3771c-85c2-4cc9-9d19-b00f8810c829,P1004
48a3771c-85c2-4cc9-9d19-b00f8810c829,P1002
48a3771c-85c2-4cc9-9d19-b00f8810c829,P1003
54da68a6-1ad0-4296-abd8-18b6f7d8c308,P1004
54da68a6-1ad0-4296-abd8-18b6f7d8c308,P1003
54da68a6-1ad0-4296-abd8-18b6f7d8c308,P1001
d44dfafd-519e-4d5e-860d-d72c7c25b49f,P1004
d44dfafd-519e-4d5e-860d-d72c7c25b49f,P1002
d44dfafd-519e-4d5e-860d-d72c7c25b49f,P1001
6115e035-faed-4723-8453-9cf6bbdfd09b,P1004
6115e035-faed-4723-8453-9cf6bbdfd09b,P1003
02662591-3aa4-422a-83d4-1d191ea18b55,P1003
02662591-3aa4-422a-83d4-1d191ea18b55,P1002
507b2f29-79db-47b6-b235-188a7089f7b1,P1004
4b031133-d3d4-42da-8602-46a16ca98eeb,P1003
4b031133-d3d4-42da-8602-46a16ca98eeb,P1001
a773fd2e-fd95-45d7-b2cc-288b9d468a24,P1004
a773fd2e-fd95-45d7-b2cc-288b9d468a24,P1001
a773fd2e-fd95-45d7-b2cc-288b9d468a24,P1003
08c34efc-22ea-41c2-913b-e5864f9dfb26,P1002
08c34efc-22ea-41c2-913b-e5864f9dfb26,P1004
40d97b77-7341-4a13-97cb-219e4f794e3b,P1003
b17aebd5-a047-46ff-9624-32ee08f8384d,P1004
70800ee6-9f3d-4640-bccb-62ef3e4c60f6,P1001
70800ee6-9f3d-4640-bccb-62ef3e4c60f6,P1003
9fc2ead4-bccf-4853-b638-f6b4b1214ab7,P1001
06f600fa-c948-494c-b607-ce5285f8a4d2,P1002
238dee92-1c2b-45a4-9a54-5547c1e763a7,P1002
0d055f2d-3fa6-4fe2-be57-5694ff2634cd,P1003
c8f08d8b-9fa9-4adf-a40d-912cb21eef96,P1001
c8f08d8b-9fa9-4adf-a40d-912cb21eef96,P1003
7fd7233e-a829-47d4-8179-ab454fbcf7dd,P1001
2b4001ef-6fba-4783-9d3f-89f057e8ad67,P1004
2b4001ef-6fba-4783-9d3f-89f057e8ad67,P1003
2b4001ef-6fba-4783-9d3f-89f057e8ad67,P1001
2ee32a80-cde7-4a9c-ac77-19ca12a76968,P1004
a663efd1-b9cb-4989-b332-3a90acc33653,P1003
a663efd1-b9cb-4989-b332-3a90acc33653,P1001
a663efd1-b9cb-4989-b332-3a90acc33653,P1004
a0e2b49c-3ae5-45df-8b0f-faa0e60f4c19,P1003
14a701bd-ca0b-4dae-b7f1-01797dd9563e,P1001
14a701bd-ca0b-4dae-b7f1-01797dd9563e,P1003
1db1e09d-2705-4c8b-875b-9823ae7c3c2f,P1002
339b3b6a-e48b-4403-9362-8ef6e21c440a,P1004
339b3b6a-e48b-4403-9362-8ef6e21c440a,P1003
1a253b77-384d-4662-81bd-af545d1e84e0,P1003
2fbe26f2-7487-411b-bd80-392361d28b7e,P1002
2fbe26f2-7487-411b-bd80-392361d28b7e,P1003
5f3c930f-7b4a-458a-a1b1-dd7e4f64edec,P1004
8c414c2d-8f6e-41b8-a4a6-44ae5b3a17ad,P1003
bee5ea54-8565-40ad-91ec-c0812facdb19,P1004
655327cc-8083-4feb-a45d-d031d6962745,P1003
655327cc-8083-4feb-a45d-d031d6962745,P1001
655327cc-8083-4feb-a45d-d031d6962745,P1004
01ee243f-ed72-4818-90b4-6e6ffcaca9b1,P1004
81572424-4966-4f5f-8498-cbb4a8e29968,P1002
81572424-4966-4f5f-8498-cbb4a8e29968,P1001
960cade2-a86a-4a92-b0eb-1d76ec848090,P1002
960cade2-a86a-4a92-b0eb-1d76ec848090,P1001
960cade2-a86a-4a92-b0eb-1d76ec848090,P1004
8c4fd88c-c48a-4698-93f5-b4d95c17154a,P1001
8c4fd88c-c48a-4698-93f5-b4d95c17154a,P1004
c338a3ab-d56d-4870-8ab6-8654591ad4f9,P1003
c338a3ab-d56d-4870-8ab6-8654591ad4f9,P1001
c338a3ab-d56d-4870-8ab6-8654591ad4f9,P1002
0e122bf2-afe5-4e2c-a396-bf26dd418586,P1001
f7cc172f-9bcf-4384-ab62-256aab7bb0c8,P1004
f7cc172f-9bcf-4384-ab62-256aab7bb0c8,P1002
a771c085-b9da-4787-9c11-8c5cdfefdab4,P1002
a771c085-b9da-4787-9c11-8c5cdfefdab4,P1003
a771c085-b9da-4787-9c11-8c5cdfefdab4,P1001
098721ae-57aa-461c-a013-b6d95d5e9fa6,P1004
098721ae-57aa-461c-a013-b6d95d5e9fa6,P1003
098721ae-57aa-461c-a013-b6d95d5e9fa6,P1001
d404e692-66ae-41bd-a87f-356447beb036,P1003
d404e692-66ae-41bd-a87f-356447beb036,P1002
d404e692-66ae-41bd-a87f-356447beb036,P1004
1184ed4c-79f3-4ebf-9445-e9bebe2706d5,P1002
1184ed4c-79f3-4ebf-9445-e9bebe2706d5,P1004
1184ed4c-79f3-4ebf-9445-e9bebe2706d5,P1003
553ed3c3-592b-4643-9742-5bc0612803b2,P1002
553ed3c3-592b-4643-9742-5bc0612803b2,P1001
ddc32b1d-94b7-4fa6-bc89-6cc0d04d2955,P1002
0574c8a4-f42d-4f48-af7e-62ee75a31c40,P1002
3a53ee92-905d-476b-ae49-84b889987f23,P1002
3a53ee92-905d-476b-ae49-84b889987f23,P1004
15fed305-f6c4-4d8a-96ce-0a67db0ddecc,P1004
15fed305-f6c4-4d8a-96ce-0a67db0ddecc,P1002
c7fed98c-2cf4-404a-b027-1261aaf9821c,P1001
c7fed98c-2cf4-404a-b027-1261aaf9821c,P1002
c7fed98c-2cf4-404a-b027-1261aaf9821c,P1003
7597c373-b868-4f9a-a67b-9a0f42730cfb,P1002
7597c373-b868-4f9a-a67b-9a0f42730cfb,P1003
4fab5041-8b67-4fa5-8a00-d8ed87d54b3f,P1004
4fab5041-8b67-4fa5-8a00-d8ed87d54b3f,P1001
4fab5041-8b67-4fa5-8a00-d8ed87d54b3f,P1002
2366e13b-b7e9-4be1-b3ea-7b0b40a31ec5,P1003
88fc88f5-be57-4019-afc5-28a2da867928,P1002
88fc88f5-be57-4019-afc5-28a2da867928,P1003
88fc88f5-be57-4019-afc5-28a2da867928,P1004
9499fdce-a283-45d5-9115-dc8068e96b72,P1002
c591b8aa-33ab-4892-ad15-08cebd994609,P1004
c591b8aa-33ab-4892-ad15-08cebd994609,P1001
ae96215e-0809-4b98-bee6-024ff0614831,P1001
ae96215e-0809-4b98-bee6-024ff0614831,P1003
ae96215e-0809-4b98-bee6-024ff0614831,P1004
f8b91979-ad21-4c4d-b213-ac9ac7559944,P1003
33e0a7bb-7c0f-4073-9508-8bb2cdea1f41,P1002
33e0a7bb-7c0f-4073-9508-8bb2cdea1f41,P1003
23e9008e-ce33-415d-b9a3-ea13ae76db06,P1002
31c7cc29-45ac-4fc3-8cfc-892c36d65d0b,P1002
f9a70c38-c30a-465d-ae1d-d70d26142649,P1003
f9a70c38-c30a-465d-ae1d-d70d26142649,P1002
f9a70c38-c30a-465d-ae1d-d70d26142649,P1004
abdd906c-a40f-45ab-810c-2c76fe8e6c96,P1002
abdd906c-a40f-45ab-810c-2c76fe8e6c96,P1001
66190e5f-24b4-4872-b878-f64fa63ab331,P1003
ab4e4d94-a36b-4bb4-a538-20c235ed6102,P1003
ab4e4d94-a36b-4bb4-a538-20c235ed6102,P1002
e69376fd-50ea-4979-93e7-7416bf9fbbb1,P1003
e69376fd-50ea-4979-93e7-7416bf9fbbb1,P1001
a4a3d5e8-75ef-4cf2-b02d-e5b2af7acac8,P1002
a4a3d5e8-75ef-4cf2-b02d-e5b2af7acac8,P1001
2a27b328-cf81-43c0-aa22-2f317ef015b3,P1003
2a27b328-cf81-43c0-aa22-2f317ef015b3,P1004
74fbb80e-f8c4-46a7-b31a-6160b955fa20,P1001
74fbb80e-f8c4-46a7-b31a-6160b955fa20,P1002
af895695-61de-4295-94ca-c0f64e863d55,P1002
af895695-61de-4295-94ca-c0f64e863d55,P1004
af895695-61de-4295-94ca-c0f64e863d55,P1001
4eeba1d6-8432-4496-b356-c8ea513f2fe9,P1003
4eeba1d6-8432-4496-b356-c8ea513f2fe9,P1001
4eeba1d6-8432-4496-b356-c8ea513f2fe9,P1002
8afaebc2-e35d-4d9a-8e82-8e1dc6d88b07,P1003
8afaebc2-e35d-4d9a-8e82-8e1dc6d88b07,P1004
8afaebc2-e35d-4d9a-8e82-8e1dc6d88b07,P1001
7821ba69-9c8e-45cb-a1ab-840d140ddfe1,P1004
7821ba69-9c8e-45cb-a1ab-840d140ddfe1,P1002
7821ba69-9c8e-45cb-a1ab-840d140ddfe1,P1003
dcf4cdbf-56f6-4664-a0b9-fbab5a17f68e,P1003
dcf4cdbf-56f6-4664-a0b9-fbab5a17f68e,P1004
94a0b286-da58-4ee6-b2f5-3c188fc9547e,P1004
fa007ea3-9a52-4e25-9cb5-a7605841c7e4,P1001
fa007ea3-9a52-4e25-9cb5-a7605841c7e4,P1003
9a9cfb77-ee08-49a4-a8b6-b6cdd40e882d,P1002
9a9cfb77-ee08-49a4-a8b6-b6cdd40e882d,P1003
58cbf790-e720-4510-a342-2705649a6f79,P1001
ed4ec21b-fd7f-4591-94a4-d97bdc15dc11,P1001
ed4ec21b-fd7f-4591-94a4-d97bdc15dc11,P1002
b2757d96-ffba-47ec-b13c-839d924c7275,P1003
b2757d96-ffba-47ec-b13c-839d924c7275,P1001
0d8059da-e055-4601-8850-82ba14d9af33,P1003
0d8059da-e055-4601-8850-82ba14d9af33,P1001
0d8059da-e055-4601-8850-82ba14d9af33,P1002
76590eff-75e2-4c3f-a956-1534c13d4dbf,P1001
76590eff-75e2-4c3f-a956-1534c13d4dbf,P1003
76590eff-75e2-4c3f-a956-1534c13d4dbf,P1002
c2ba6bea-2780-484d-834e-5cf35a990b0f,P1001
733f50c3-50d1-429c-87a4-035315e02026,P1004
733f50c3-50d1-429c-87a4-035315e02026,P1003
ec26dfca-7ab0-46db-8c1a-3fd8d2cbed6a,P1004
ec26dfca-7ab0-46db-8c1a-3fd8d2cbed6a,P1001
ec26dfca-7ab0-46db-8c1a-3fd8d2cbed6a,P1003
f5cc46db-00ac-4bb9-9739-864e2fe8f37d,P1002
93046880-6753-4df2-acef-cc8f0d1e4ced,P1004
93046880-6753-4df2-acef-cc8f0d1e4ced,P1001
93046880-6753-4df2-acef-cc8f0d1e4ced,P1002
22da5209-fba8-435e-844c-c117efb9f160,P1003
c4422bd8-1233-40cb-97d0-a7052cb4cf80,P1004
c4422bd8-1233-40cb-97d0-a7052cb4cf80,P1001
c4422bd8-1233-40cb-97d0-a7052cb4cf80,P1002
a799eb67-b465-4234-b6a6-bc14a446a68c,P1003
a799eb67-b465-4234-b6a6-bc14a446a68c,P1001
a799eb67-b465-4234-b6a6-bc14a446a68c,P1002
bed490c8-ac9c-444c-bb62-72c31ebf0dc2,P1001
bed490c8-ac9c-444c-bb62-72c31ebf0dc2,P1004
bed490c8-ac9c-444c-bb62-72c31ebf0dc2,P1003
0594e453-bfb3-4b83-bd6e-a83b2884f6f2,P1004
0594e453-bfb3-4b83-bd6e-a83b2884f6f2,P1002
0594e453-bfb3-4b83-bd6e-a83b2884f6f2,P1001
83fc2168-f745-4d96-a3e8-e4f3e9f64c35,P1004
83fc2168-f745-4d96-a3e8-e4f3e9f64c35,P1003
83fc2168-f745-4d96-a3e8-e4f3e9f64c35,P1001
82037141-8cfd-4789-a9ff-02b77c4c0046,P1004
82037141-8cfd-4789-a9ff-02b77c4c0046,P1002
b8f696d2-807a-4090-b60c-3f34c5cbb9d9,P1004
75c3803f-8cc5-4595-85b6-b37f4b227726,P1001
75c3803f-8cc5-4595-85b6-b37f4b227726,P1003
cf1929c9-a70a-469d-8bb6-9224d5f473c0,P1003
cf1929c9-a70a-469d-8bb6-9224d5f473c0,P1002
cf1929c9-a70a-469d-8bb6-9224d5f473c0,P1001
313d2199-98a9-41c7-a200-6b449616f2ab,P1002
313d2199-98a9-41c7-a200-6b449616f2ab,P1004
f3ca0c94-68d2-4968-b9e3-98a6eba810ff,P1003
7ffb8fe7-dfeb-4057-9410-cd0c21bb58f4,P1001
7ffb8fe7-dfeb-4057-9410-cd0c21bb58f4,P1002
7ffb8fe7-dfeb-4057-9410-cd0c21bb58f4,P1004
c3d583ee-c56f-48a0-ac09-f7933057a16c,P1001
1739f688-7b61-4e0b-a1e2-79c3a0b5e193,P1001
f3d546cc-020f-4557-a158-01e38fc74cae,P1001
f3d546cc-020f-4557-a158-01e38fc74cae,P1002
f3d546cc-020f-4557-a158-01e38fc74cae,P1003
60ac76d8-f912-4bf0-a0f6-3e40c03ca0d8,P1002
60ac76d8-f912-4bf0-a0f6-3e40c03ca0d8,P1004
60ac76d8-f912-4bf0-a0f6-3e40c03ca0d8,P1001
598a7f17-82ba-49fa-b9af-d1b801bc2b0b,P1001
598a7f17-82ba-49fa-b9af-d1b801bc2b0b,P1004
598a7f17-82ba-49fa-b9af-d1b801bc2b0b,P1002
f9924e9a-3cfe-41f2-9895-ed7efda6eb1d,P1002
f9924e9a-3cfe-41f2-9895-ed7efda6eb1d,P1001
11948290-7d57-487d-81b9-3d5e575dc218,P1004
11948290-7d57-487d-81b9-3d5e575dc218,P1002
11948290-7d57-487d-81b9-3d5e575dc218,P1003
f8d44f34-a6ed-4b8b-b104-bb4188a736dd,P1001
01664439-50c3-4e7c-9c0e-4747209972f1,P1002
8d786ccd-4afd-44af-a1b2-06b39a6f0b72,P1003
0b269aaa-558a-4f0f-9d6c-0f4ca78b28ef,P1004
b03994c5-bb63-436c-8b29-302cadb181b6,P1002
b03994c5-bb63-436c-8b29-302cadb181b6,P1004
b03994c5-bb63-436c-8b29-302cadb181b6,P1001
486fd00a-6fdf-483e-8038-84384995e581,P1004
486fd00a-6fdf-483e-8038-84384995e581,P1001
486fd00a-6fdf-483e-8038-84384995e581,P1002
66281071-d697-4b9f-82f5-738a22f961a5,P1004
66281071-d697-4b9f-82f5-738a22f961a5,P1003
82f43ddf-3f3b-445c-8fae-7ec37f389589,P1003
82f43ddf-3f3b-445c-8fae-7ec37f389589,P1001
82f43ddf-3f3b-445c-8fae-7ec37f389589,P1004
3593c822-0d1a-4678-8405-2413837764d1,P1004
3191a076-587b-4043-8cd8-a39eaca563bb,P1001
3191a076-587b-4043-8cd8-a39eaca563bb,P1003
3191a076-587b-4043-8cd8-a39eaca563bb,P1004
a00ef56d-b31d-4c88-938f-3351d0132844,P1004
a00ef56d-b31d-4c88-938f-3351d0132844,P1001
a00ef56d-b31d-4c88-938f-3351d0132844,P1002
5dd064f7-c281-4a66-8454-1b165004c9d3,P1002
5dd064f7-c281-4a66-8454-1b165004c9d3,P1004
0ba9d1c4-578b-4492-b502-ea18ca647cef,P1004
b0caf9cb-6e1a-423b-a00c-3f72d738367f,P1001
b0caf9cb-6e1a-423b-a00c-3f72d738367f,P1002
b0caf9cb-6e1a-423b-a00c-3f72d738367f,P1003
f82b7c1b-140f-4e61-be25-2199afbee9db,P1004
ce340f3a-4a8a-42b8-a01e-31c004d038f3,P1004
ce340f3a-4a8a-42b8-a01e-31c004d038f3,P1001
ce340f3a-4a8a-42b8-a01e-31c004d038f3,P1002
fe75d4d7-3dda-419f-bbd3-f34a18a4a6df,P1004
fe75d4d7-3dda-419f-bbd3-f34a18a4a6df,P1003
fe75d4d7-3dda-419f-bbd3-f34a18a4a6df,P1001
f2b90f84-54c6-42f6-b922-e06b02fe6e92,P1002
f2b90f84-54c6-42f6-b922-e06b02fe6e92,P1001
f2b90f84-54c6-42f6-b922-e06b02fe6e92,P1003
501667c8-d3e9-4888-9989-cbe60f1408a6,P1001
501667c8-d3e9-4888-9989-cbe60f1408a6,P1004
43e7dec4-f706-40dd-a839-62adaa0e2caf,P1004
e08612d3-b27e-41a1-942a-b22f90821dcb,P1003
e08612d3-b27e-41a1-942a-b22f90821dcb,P1002
e08612d3-b27e-41a1-942a-b22f90821dcb,P1004
695ddf5f-e116-44eb-837c-03a07254ae98,P1002
b52b13c3-45a9-4e3a-8fdd-686fa0894f0e,P1001
b52b13c3-45a9-4e3a-8fdd-686fa0894f0e,P1004
87111bdc-b7b0-46a8-894a-71add3a61492,P1002
87111bdc-b7b0-46a8-894a-71add3a61492,P1001
87111bdc-b7b0-46a8-894a-71add3a61492,P1003
9aa54bf9-8f91-4925-9951-cf067678c4a8,P1001
1fcbe30c-d4f9-4ebf-bd9e-4d39071504d9,P1002
1fcbe30c-d4f9-4ebf-bd9e-4d39071504d9,P1001
dfc5a44b-2405-404a-a895-d5d2fc50f0f1,P1003
c1760603-db04-463e-b5c9-962d1b34926c,P1004
c1760603-db04-463e-b5c9-962d1b34926c,P1002
c1760603-db04-463e-b5c9-962d1b34926c,P1003
6556d658-e548-4158-95cd-ca30209c5ac3,P1004
6556d658-e548-4158-95cd-ca30209c5ac3,P1002
08ead9c9-6e10-4510-8e55-391c6b853f3d,P1004
08ead9c9-6e10-4510-8e55-391c6b853f3d,P1003
08ead9c9-6e10-4510-8e55-391c6b853f3d,P1001
a2c8d954-aae5-4a81-bc9c-59d2bddc6f68,P1002
a2c8d954-aae5-4a81-bc9c-59d2bddc6f68,P1001
a2c8d954-aae5-4a81-bc9c-59d2bddc6f68,P1004
a1902661-981e-4151-91b0-356933bd7e21,P1003
d2dc40dd-8ed4-4759-877b-638c3daea497,P1001
d2dc40dd-8ed4-4759-877b-638c3daea497,P1003
d2dc40dd-8ed4-4759-877b-638c3daea497,P1004
464d2fa9-6743-4ec2-a810-7ad13f232941,P1004
464d2fa9-6743-4ec2-a810-7ad13f232941,P1002
464d2fa9-6743-4ec2-a810-7ad13f232941,P1003
b6b6f198-1ce7-483c-b9e6-ab64dd19c399,P1001
b6b6f198-1ce7-483c-b9e6-ab64dd19c399,P1003
ce392f9f-8f98-4b12-b4d2-7eb90a45a6a2,P1002
ce392f9f-8f98-4b12-b4d2-7eb90a45a6a2,P1004
d82d2689-0510-4474-b109-e5ee0a25d971,P1004
d82d2689-0510-4474-b109-e5ee0a25d971,P1001
9be6ffb5-ab27-48e7-9b54-48900a51e1a2,P1001
9be6ffb5-ab27-48e7-9b54-48900a51e1a2,P1002
47f66604-fbb5-462c-9aa0-7bb6a5c474b0,P1004
47f66604-fbb5-462c-9aa0-7bb6a5c474b0,P1002
47f66604-fbb5-462c-9aa0-7bb6a5c474b0,P1001
f050bbea-1640-4c9b-8f39-ad14e0f7c0e5,P1001
f050bbea-1640-4c9b-8f39-ad14e0f7c0e5,P1002
f050bbea-1640-4c9b-8f39-ad14e0f7c0e5,P1004
3a1fba11-3a3e-4cca-8f4c-e2bdb1283383,P1002
3a1fba11-3a3e-4cca-8f4c-e2bdb1283383,P1001
3a1fba11-3a3e-4cca-8f4c-e2bdb1283383,P1004
58d170d2-51d5-4491-b530-bcaf06ae35ff,P1002
7d5d800f-bd77-4c40-bce4-647b8f5c78d9,P1004
7d5d800f-bd77-4c40-bce4-647b8f5c78d9,P1002
7d5d800f-bd77-4c40-bce4-647b8f5c78d9,P1003
320b7299-13da-4a75-b225-24563433b5ec,P1001
3069dbc8-5508-4f8f-b09a-9f2b2df8d198,P1001
099aa7ad-3aa0-429a-ae23-75cc6aca70ea,P1004
099aa7ad-3aa0-429a-ae23-75cc6aca70ea,P1003
099aa7ad-3aa0-429a-ae23-75cc6aca70ea,P1002
6a84f561-edb4-498d-a208-001a5bf67945,P1002
6a84f561-edb4-498d-a208-001a5bf67945,P1003
6a84f561-edb4-498d-a208-001a5bf67945,P1001
7bd0bf80-f9a4-4f57-ad6f-a7b81624c65a,P1002
7bd0bf80-f9a4-4f57-ad6f-a7b81624c65a,P1004
7bd0bf80-f9a4-4f57-ad6f-a7b81624c65a,P1001
2458623b-9b06-41ac-b506-e59bd04bc7c9,P1001
2458623b-9b06-41ac-b506-e59bd04bc7c9,P1002
425e5cd4-6ac5-4283-a0ed-7a70d98d8173,P1004
cb07e716-e84e-48b2-9339-345a20c81535,P1001
f75717ec-beb4-4706-adf8-83b8b8629304,P1001
be03e1e8-727d-4ded-9a68-5cf6745e1f29,P1004
be03e1e8-727d-4ded-9a68-5cf6745e1f29,P1003
be03e1e8-727d-4ded-9a68-5cf6745e1f29,P1002
69e83e84-7408-4274-9933-00eb48ad0207,P1001
029fd955-2d9e-42ab-b8e7-0c896b7883be,P1004
029fd955-2d9e-42ab-b8e7-0c896b7883be,P1001
029fd955-2d9e-42ab-b8e7-0c896b7883be,P1003
5dcfbc72-e522-43e9-826a-9110952439ba,P1004
5dcfbc72-e522-43e9-826a-9110952439ba,P1002
4ff6508b-16d5-4c26-90da-af0823c25d4a,P1004
87fbfdf5-dbfb-4bc0-83d7-d49aac4519dd,P1004
87fbfdf5-dbfb-4bc0-83d7-d49aac4519dd,P1001
87fbfdf5-dbfb-4bc0-83d7-d49aac4519dd,P1002
1a120850-3e4c-4f2b-8c37-f5c859e2ff26,P1003
1a120850-3e4c-4f2b-8c37-f5c859e2ff26,P1002
1a120850-3e4c-4f2b-8c37-f5c859e2ff26,P1001
2cabe693-832e-486e-be3a-71601c56b213,P1002
2cabe693-832e-486e-be3a-71601c56b213,P1003
f26070ee-eb69-4156-a50b-cc156ad5568e,P1004
a5608968-0aa0-4022-8a67-96a1fad8bf25,P1001
a5608968-0aa0-4022-8a67-96a1fad8bf25,P1004
a5608968-0aa0-4022-8a67-96a1fad8bf25,P1002
8d2a26fe-3f31-4576-9224-587be8febfe9,P1003
8d2a26fe-3f31-4576-9224-587be8febfe9,P1001
8d2a26fe-3f31-4576-9224-587be8febfe9,P1002
d8b0f57c-7783-4121-8ba4-16da7ba2d416,P1002
d8b0f57c-7783-4121-8ba4-16da7ba2d416,P1001
fac96ab3-f598-4a94-a2ea-59726b3babaf,P1002
fac96ab3-f598-4a94-a2ea-59726b3babaf,P1003
17d68a4c-60ae-4c7a-80a0-7ef32487f9e6,P1003
17d68a4c-60ae-4c7a-80a0-7ef32487f9e6,P1002
17d68a4c-60ae-4c7a-80a0-7ef32487f9e6,P1004
5a8aef29-09bd-4fd4-9178-e4b2127a41b0,P1004
5a8aef29-09bd-4fd4-9178-e4b2127a41b0,P1001
5a8aef29-09bd-4fd4-9178-e4b2127a41b0,P1003
fc668b40-db0f-4ea6-9690-6c507523f297,P1001
4d7bc55f-8bf8-4d30-82b7-25d099a9fa78,P1003
4d7bc55f-8bf8-4d30-82b7-25d099a9fa78,P1001
4d7bc55f-8bf8-4d30-82b7-25d099a9fa78,P1002
ea56be90-a9fc-474b-9665-a7877e27aa44,P1004
84c54944-8127-4d34-9e7d-fc8a50d94f57,P1003
4f9e7bf4-507b-4514-bc20-43444f81b229,P1002
f42d16e8-4667-4cf2-89a1-cdb24fb521c9,P1002
ac5061ec-2917-4a9d-96a7-98055330171f,P1004
ac5061ec-2917-4a9d-96a7-98055330171f,P1002
c7433ca5-8f5c-488f-b933-b344bc3f58ae,P1003
c7433ca5-8f5c-488f-b933-b344bc3f58ae,P1004
5bbd66ca-023e-467e-aafc-4a1962089824,P1004
1a9ace5b-ba2a-494e-be8f-95bfc92e9d37,P1003
1a9ace5b-ba2a-494e-be8f-95bfc92e9d37,P1001
b16c46ea-a64d-41aa-baf9-3e0c30b30353,P1004
97b4e8ee-4530-44fd-bfde-ed0a0e455a68,P1001
97b4e8ee-4530-44fd-bfde-ed0a0e455a68,P1002
1d80d394-bc42-4256-9b31-a6dcd0d74647,P1004
1d80d394-bc42-4256-9b31-a6dcd0d74647,P1003
1d80d394-bc42-4256-9b31-a6dcd0d74647,P1002
a9ea8660-8039-4b2b-a8bd-48d20473886b,P1003
a9ea8660-8039-4b2b-a8bd-48d20473886b,P1002
a9ea8660-8039-4b2b-a8bd-48d20473886b,P1001
c53ca16c-81d0-4880-b6e1-636c10e74594,P1003
c53ca16c-81d0-4880-b6e1-636c10e74594,P1002
617f4668-3b03-42fe-b24a-78a48ff82985,P1003
617f4668-3b03-42fe-b24a-78a48ff82985,P1004
617f4668-3b03-42fe-b24a-78a48ff82985,P1001
603ea0bf-cc52-4bce-9b74-14d9a22d50ef,P1004
27578b16-16bb-4ce9-989e-d46ba7eb62dc,P1004
27578b16-16bb-4ce9-989e-d46ba7eb62dc,P1003
eb450da1-a645-4dad-b4e8-f3ce812fc2d6,P1002
eb450da1-a645-4dad-b4e8-f3ce812fc2d6,P1003
eb450da1-a645-4dad-b4e8-f3ce812fc2d6,P1004
ffd856d7-1df3-40ce-b805-0060947498f0,P1001
ad1e38ba-f410-494f-9bbc-f64ff02c6ebd,P1002
ad1e38ba-f410-494f-9bbc-f64ff02c6ebd,P1004
ad1e38ba-f410-494f-9bbc-f64ff02c6ebd,P1003
f27961e0-c1a5-462b-9330-6b27da4a699c,P1001
f27961e0-c1a5-462b-9330-6b27da4a699c,P1003
f27961e0-c1a5-462b-9330-6b27da4a699c,P1002
c5a68710-32bd-4869-bc29-f2f46591388d,P1004
e80d0fca-dde6-45d2-9f1b-829141a3e525,P1002
e80d0fca-dde6-45d2-9f1b-829141a3e525,P1003
e80d0fca-dde6-45d2-9f1b-829141a3e525,P1001
45a71468-fd20-4400-a0f1-d91eb6a70588,P1003
45a71468-fd20-4400-a0f1-d91eb6a70588,P1001
cb0b4d7d-5561-4d15-bcf1-db40f03e4c23,P1004
cb0b4d7d-5561-4d15-bcf1-db40f03e4c23,P1001
f41bbc8b-d89c-4871-a3fb-52d421cb78a9,P1004
f41bbc8b-d89c-4871-a3fb-52d421cb78a9,P1001
f41bbc8b-d89c-4871-a3fb-52d421cb78a9,P1003
864ad79d-aa0c-4f87-9efa-0ec5424cde49,P1002
864ad79d-aa0c-4f87-9efa-0ec5424cde49,P1001
3b5d92a1-d4f2-4246-96d0-0b6c3a139d06,P1001
3b5d92a1-d4f2-4246-96d0-0b6c3a139d06,P1004
4b10c22c-3603-46d3-91f4-beab1d198000,P1004
4b10c22c-3603-46d3-91f4-beab1d198000,P1002
72a8d943-fdee-44a9-8669-b04ddc737c33,P1004
188ca8cd-7165-4078-86f4-a03da3e3ce7d,P1004
188ca8cd-7165-4078-86f4-a03da3e3ce7d,P1001
59b11b1b-1bd2-4feb-9047-fcc0fa19e3b5,P1003
7bfd520a-818b-429f-9846-de65fedc3e30,P1001
59c61822-a244-4e02-b43b-233447f2f9e4,P1002
59c61822-a244-4e02-b43b-233447f2f9e4,P1001
18fafd01-53be-44b3-94e2-682bb92d58fc,P1002
18fafd01-53be-44b3-94e2-682bb92d58fc,P1003
18fafd01-53be-44b3-94e2-682bb92d58fc,P1001
fbf1a540-15fd-4f97-879c-11915c3ed1f4,P1003
fbf1a540-15fd-4f97-879c-11915c3ed1f4,P1001
41ca1581-6624-4917-a95e-20d556add586,P1002
41ca1581-6624-4917-a95e-20d556add586,P1004
41ca1581-6624-4917-a95e-20d556add586,P1003
e54e3fe4-050c-45ac-97b7-849e6a5a2bd3,P1003
10c01056-f84c-4548-a045-bb6d58315d74,P1004
10c01056-f84c-4548-a045-bb6d58315d74,P1001
10c01056-f84c-4548-a045-bb6d58315d74,P1002
edb24b10-b535-4e2c-a5a2-81b4dab90a45,P1002
edb24b10-b535-4e2c-a5a2-81b4dab90a45,P1004
edb24b10-b535-4e2c-a5a2-81b4dab90a45,P1001
25367709-6798-413c-953f-f8702da46b36,P1003
25367709-6798-413c-953f-f8702da46b36,P1004
25367709-6798-413c-953f-f8702da46b36,P1002
ffae6e0d-4d5d-437c-986e-93703b69d2e5,P1004
ffae6e0d-4d5d-437c-986e-93703b69d2e5,P1001
ffae6e0d-4d5d-437c-986e-93703b69d2e5,P1002
2584f9f7-998f-421c-ba7d-c405f944cb0f,P1004
455908a6-4d5f-4eb6-903e-24f0c7690708,P1001
455908a6-4d5f-4eb6-903e-24f0c7690708,P1004
f2307a8e-4316-40d1-af55-efc3723bd497,P1004
f2307a8e-4316-40d1-af55-efc3723bd497,P1003
16d2ca1b-3a97-4963-9357-944cff8b5b9d,P1002
4527bd2f-4a58-44fd-a33b-284bd67e2b48,P1004
fd51447d-c1c8-47a8-8a68-6889dfec6307,P1003
a892c9b4-18b1-4da2-9089-27888b294da7,P1004
a892c9b4-18b1-4da2-9089-27888b294da7,P1002
a892c9b4-18b1-4da2-9089-27888b294da7,P1001
5872869a-6cf1-4962-a778-578a5109ad81,P1003
5872869a-6cf1-4962-a778-578a5109ad81,P1002
5872869a-6cf1-4962-a778-578a5109ad81,P1004
949f4b0d-6276-4ab8-ad0d-a1069475ddcd,P1003
949f4b0d-6276-4ab8-ad0d-a1069475ddcd,P1004
949f4b0d-6276-4ab8-ad0d-a1069475ddcd,P1002
2e4723ec-4d85-4712-bd88-b93a24a60899,P1002
e295f386-4d8a-4927-b77f-c8ae32c08934,P1004
e295f386-4d8a-4927-b77f-c8ae32c08934,P1001
31059dae-4c7a-4e99-af84-80dd0c6f89d3,P1004
31059dae-4c7a-4e99-af84-80dd0c6f89d3,P1001
458a19cf-2198-4e18-8bef-22767c99396e,P1001
458a19cf-2198-4e18-8bef-22767c99396e,P1003
458a19cf-2198-4e18-8bef-22767c99396e,P1004
1353d219-e1e2-4dd9-a14c-1d99739ab3e1,P1002
1353d219-e1e2-4dd9-a14c-1d99739ab3e1,P1003
1353d219-e1e2-4dd9-a14c-1d99739ab3e1,P1004
bb77ddd8-2bf3-4ae3-8180-3f1662692470,P1002
bb77ddd8-2bf3-4ae3-8180-3f1662692470,P1003
7fa84cee-2616-4fb6-87df-ec887b77d726,P1001
7fa84cee-2616-4fb6-87df-ec887b77d726,P1004
7fa84cee-2616-4fb6-87df-ec887b77d726,P1003
709afe3f-b876-4b58-bda4-8228b4d18637,P1001
709afe3f-b876-4b58-bda4-8228b4d18637,P1002
709afe3f-b876-4b58-bda4-8228b4d18637,P1003
77765137-331c-43de-b4c7-fe15065a3643,P1004
77765137-331c-43de-b4c7-fe15065a3643,P1001
77765137-331c-43de-b4c7-fe15065a3643,P1003
267d8a98-a4ee-4385-b671-8658d5c92ae8,P1001
267d8a98-a4ee-4385-b671-8658d5c92ae8,P1003
6e76d1c5-0e25-41b1-bbff-edd14f9350a0,P1001
6e76d1c5-0e25-41b1-bbff-edd14f9350a0,P1003
7891bfab-992c-451f-a24e-67a13cf39519,P1002
0b459264-882e-4519-8843-f3985c51eb9e,P1001
2ed52fde-8743-43a4-92ec-b6e6adc32b6b,P1002
2ed52fde-8743-43a4-92ec-b6e6adc32b6b,P1001
11219901-4db4-4472-9fb7-40ec6db96ae2,P1003
11219901-4db4-4472-9fb7-40ec6db96ae2,P1001
11219901-4db4-4472-9fb7-40ec6db96ae2,P1004
6f8df05a-a2d7-4305-825a-2252a7b5797a,P1002
6f8df05a-a2d7-4305-825a-2252a7b5797a,P1004
6c7f56ff-b45a-47fe-8d69-b7f8f15414a8,P1002
6c7f56ff-b45a-47fe-8d69-b7f8f15414a8,P1004
6c7f56ff-b45a-47fe-8d69-b7f8f15414a8,P1001
b007ca69-c6dc-4b08-89d1-129a1a1915e8,P1003
b007ca69-c6dc-4b08-89d1-129a1a1915e8,P1002
b007ca69-c6dc-4b08-89d1-129a1a1915e8,P1001
6728d115-3f7e-4ea9-89cd-0a884fca0f25,P1004
6728d115-3f7e-4ea9-89cd-0a884fca0f25,P1002
9148d27e-aa20-43f1-9b61-25fe73956360,P1003
9148d27e-aa20-43f1-9b61-25fe73956360,P1002
9148d27e-aa20-43f1-9b61-25fe73956360,P1004
dab56d63-c8fa-4e76-a7b9-e6e25c06b298,P1001
dab56d63-c8fa-4e76-a7b9-e6e25c06b298,P1002
61ba94e7-ca4a-4342-8959-b8e3bb0ed0bd,P1003
61ba94e7-ca4a-4342-8959-b8e3bb0ed0bd,P1004
61ba94e7-ca4a-4342-8959-b8e3bb0ed0bd,P1002
e8430e84-2425-4b5f-ad69-7463649172ff,P1003
e8430e84-2425-4b5f-ad69-7463649172ff,P1004
f26ee6f4-6bf3-4d44-bdb9-414d58a59e39,P1002
f26ee6f4-6bf3-4d44-bdb9-414d58a59e39,P1001
f26ee6f4-6bf3-4d44-bdb9-414d58a59e39,P1004
f1e38808-c079-4f3a-ba1e-1a18c18e087b,P1001
f1e38808-c079-4f3a-ba1e-1a18c18e087b,P1003
0e4fada5-d665-4524-8018-9a88eb6ecb19,P1004
6be382c0-4fd9-4910-b419-59c7722321c1,P1002
6be382c0-4fd9-4910-b419-59c7722321c1,P1001
6be382c0-4fd9-4910-b419-59c7722321c1,P1003
d8c8f957-3014-43d6-830f-b57e76cc11a9,P1004
c980b5da-63da-4be5-a7f9-ba42a437930a,P1003
86473788-07fb-4755-b2d6-ad9d256a60f3,P1001
86473788-07fb-4755-b2d6-ad9d256a60f3,P1002
952011da-de51-4669-ae55-826c67cc2eac,P1001
952011da-de51-4669-ae55-826c67cc2eac,P1004
952011da-de51-4669-ae55-826c67cc2eac,P1003
a5859bf6-ceaa-41d2-8d35-16f3dc639f19,P1004
a5859bf6-ceaa-41d2-8d35-16f3dc639f19,P1003
bb29ab2d-9b76-47fe-ba06-9c6481bdfd67,P1004
bb29ab2d-9b76-47fe-ba06-9c6481bdfd67,P1002
bb29ab2d-9b76-47fe-ba06-9c6481bdfd67,P1003
91565f03-a751-4766-88ab-88e44c2856c1,P1003
c25bdb76-e1b3-473e-bb3c-19aeb1193bdc,P1001
c25bdb76-e1b3-473e-bb3c-19aeb1193bdc,P1002
6cb48961-2185-4f0f-993d-e927baa95adf,P1003
efa38de1-be94-46c4-995c-f68859c45530,P1004
efa38de1-be94-46c4-995c-f68859c45530,P1001
efa38de1-be94-46c4-995c-f68859c45530,P1002
844b516e-b7fd-4b6f-ac68-c8343b092b75,P1003
844b516e-b7fd-4b6f-ac68-c8343b092b75,P1001
844b516e-b7fd-4b6f-ac68-c8343b092b75,P1004
4cf7bebd-6cd3-41fc-999f-dcd3715e3acd,P1004
4cf7bebd-6cd3-41fc-999f-dcd3715e3acd,P1002
4cf7bebd-6cd3-41fc-999f-dcd3715e3acd,P1003
eddd227f-ec7c-4a87-b97b-a2656d255ad8,P1002
eddd227f-ec7c-4a87-b97b-a2656d255ad8,P1004
6e9ced51-ec94-4788-ae51-2cd0a16f8f4c,P1002
e4f2a7ef-b20f-48b1-aed0-8c3de14e7cf7,P1003
e4f2a7ef-b20f-48b1-aed0-8c3de14e7cf7,P1002
e4f2a7ef-b20f-48b1-aed0-8c3de14e7cf7,P1004
4e214fc9-3373-4683-a7d1-9626263cf2fa,P1002
9f346602-60f6-4e0a-9f20-6512905d878d,P1001
9f346602-60f6-4e0a-9f20-6512905d878d,P1003
9f346602-60f6-4e0a-9f20-6512905d878d,P1002
5a88a4b2-3a3a-46da-906f-7b0667440a59,P1003
5a88a4b2-3a3a-46da-906f-7b0667440a59,P1004
5ed3a345-45b8-48e6-b34c-f63435c06eb9,P1001
abdf883b-5ee5-4f58-8481-2039a76830da,P1002
abdf883b-5ee5-4f58-8481-2039a76830da,P1004
af8eeb6d-625d-460d-813f-408474a9915c,P1002
af8eeb6d-625d-460d-813f-408474a9915c,P1004
21d8149b-2efb-4f67-8156-f0604b49300d,P1003
21d8149b-2efb-4f67-8156-f0604b49300d,P1004
21d8149b-2efb-4f67-8156-f0604b49300d,P1002
aa0f5635-eafc-4a5f-a58e-9d6b5c3efd29,P1004
aa0f5635-eafc-4a5f-a58e-9d6b5c3efd29,P1001
e85e8d43-9b73-420c-a58d-ae8c0e7b2c21,P1003
e85e8d43-9b73-420c-a58d-ae8c0e7b2c21,P1004
faf11985-1dfe-4033-b4a5-6eb5a697a9f5,P1002
faf11985-1dfe-4033-b4a5-6eb5a697a9f5,P1004
71488f72-62a9-465b-860b-25515b7407d2,P1004
71488f72-62a9-465b-860b-25515b7407d2,P1003
de31689e-1652-403c-8178-77140e1a90bd,P1004
de31689e-1652-403c-8178-77140e1a90bd,P1003
5fdaaa94-4379-48d7-8b9e-fb05e43a3220,P1003
3ea6b899-7a45-49f9-bc85-43f2959b1c6b,P1001
3ea6b899-7a45-49f9-bc85-43f2959b1c6b,P1002
3ea6b899-7a45-49f9-bc85-43f2959b1c6b,P1003
435e161d-5116-4d26-b980-39c88c8c9b59,P1001
435e161d-5116-4d26-b980-39c88c8c9b59,P1002
458827e5-5b49-4e87-9825-56fc1212fcb3,P1003
211e6da3-9d5a-4455-9feb-20cecca9271c,P1001
211e6da3-9d5a-4455-9feb-20cecca9271c,P1004
b4f77ef8-4944-402b-a0e3-1c9530add501,P1002
b4f77ef8-4944-402b-a0e3-1c9530add501,P1003
b4f77ef8-4944-402b-a0e3-1c9530add501,P1001
3ba7f244-d42a-47be-b933-a2ec2d0b9e12,P1002
3ba7f244-d42a-47be-b933-a2ec2d0b9e12,P1001
6dcb9cc7-ec25-4e5d-a54e-9442e68e7819,P1002
6dcb9cc7-ec25-4e5d-a54e-9442e68e7819,P1003
5a2fac04-eacb-454b-915e-14be74801107,P1004
ec14a905-e868-4980-80b1-b3990d7a93ff,P1003
ec14a905-e868-4980-80b1-b3990d7a93ff,P1004
ec14a905-e868-4980-80b1-b3990d7a93ff,P1002
1ac9c921-6b8b-4c0c-9962-845bbdfc2dd9,P1003
1ac9c921-6b8b-4c0c-9962-845bbdfc2dd9,P1002
1ac9c921-6b8b-4c0c-9962-845bbdfc2dd9,P1004
339e67fa-dc95-43b4-b748-3bf83f909766,P1001
b7c9509a-6660-4d6d-9407-0f905a40cdb1,P1002
fea0afd6-f183-4a27-b541-8d453f9833a8,P1004
fea0afd6-f183-4a27-b541-8d453f9833a8,P1002
2f2f0735-7d66-44f9-8868-2c60eb30a11a,P1002
032e54fd-e56c-48d0-aa34-75bc3eec8cc6,P1004
032e54fd-e56c-48d0-aa34-75bc3eec8cc6,P1003
032e54fd-e56c-48d0-aa34-75bc3eec8cc6,P1002
2061ccd3-7797-4106-af90-e5aa3d6b8bee,P1001
2061ccd3-7797-4106-af90-e5aa3d6b8bee,P1003
0df742c4-5c9e-4538-8557-cba41930ce7d,P1001
0df742c4-5c9e-4538-8557-cba41930ce7d,P1002
0df742c4-5c9e-4538-8557-cba41930ce7d,P1003
a622382d-10a4-448d-bc69-9535765c9459,P1002
a622382d-10a4-448d-bc69-9535765c9459,P1001
2ed65b31-e5f8-477c-b9c4-0ee943e4db31,P1001
2ed65b31-e5f8-477c-b9c4-0ee943e4db31,P1004
2ed65b31-e5f8-477c-b9c4-0ee943e4db31,P1002
e19777e4-0211-4512-bee5-0adbf8637e73,P1001
65bb3282-d5f5-4f17-8722-02b61a2cb1e1,P1002
65bb3282-d5f5-4f17-8722-02b61a2cb1e1,P1004
65bb3282-d5f5-4f17-8722-02b61a2cb1e1,P1001
69ad4194-6b19-4087-8c02-097ec819167c,P1002
69ad4194-6b19-4087-8c02-097ec819167c,P1001
69ad4194-6b19-4087-8c02-097ec819167c,P1004
223aebfc-e869-4c26-a645-8d6e542e1a3c,P1004
